method,s_e,seed,t,alpha
kefrin_t_affect,noise1,0,0,0.0
kefrin_t_affect,noise1,0,1,0.5046709488227334
kefrin_t_affect,noise1,0,2,0.5653848171230511
kefrin_t_affect,noise1,0,3,0.5891805467566708
kefrin_t_affect,noise1,0,4,0.6012030999772773
kefrin_t_affect,noise1,0,5,0.6015437378960393
kefrin_t_affect,noise1,0,6,0.6569460763298045
kefrin_t_affect,noise1,0,7,0.5664470495708165
kefrin_t_affect,noise1,0,8,0.5820216785975558
kefrin_t_affect,noise1,0,9,0.605867742763924
kefrin_t_affect,noise1,0,10,0.6102692324711944
kefrin_t_affect,noise1,0,11,0.6073757237757829
kefrin_t_affect_fe_noreset,noise1,0,0,0.0
kefrin_t_affect_fe_noreset,noise1,0,1,0.95
kefrin_t_affect_fe_noreset,noise1,0,2,0.5819035444551691
kefrin_t_affect_fe_noreset,noise1,0,3,0.7593983989315756
kefrin_t_affect_fe_noreset,noise1,0,4,0.8794260299495387
kefrin_t_affect_fe_noreset,noise1,0,5,0.887711619272785
kefrin_t_affect_fe_noreset,noise1,0,6,0.859677993727125
kefrin_t_affect_fe_noreset,noise1,0,7,0.8430355763856332
kefrin_t_affect_fe_noreset,noise1,0,8,0.7710313701592987
kefrin_t_affect_fe_noreset,noise1,0,9,0.542901849212034
kefrin_t_affect_fe_noreset,noise1,0,10,0.6954394250498637
kefrin_t_affect_fe_noreset,noise1,0,11,0.783196241446733
kefrin_t_affect_fe_z4,noise1,0,0,0.0
kefrin_t_affect_fe_z4,noise1,0,1,0.95
kefrin_t_affect_fe_z4,noise1,0,2,0.5963209121608595
kefrin_t_affect_fe_z4,noise1,0,3,0.8162861239699749
kefrin_t_affect_fe_z4,noise1,0,4,0.8720792445649076
kefrin_t_affect_fe_z4,noise1,0,5,0.8902736234940417
kefrin_t_affect_fe_z4,noise1,0,6,0.870087059358099
kefrin_t_affect_fe_z4,noise1,0,7,0.8978261890438467
kefrin_t_affect_fe_z4,noise1,0,8,0.8902470715808373
kefrin_t_affect_fe_z4,noise1,0,9,0.8716574067498136
kefrin_t_affect_fe_z4,noise1,0,10,0.8438156516294741
kefrin_t_affect_fe_z4,noise1,0,11,0.8500598273760198
kefrin_t_affect_fe_z2.5,noise1,0,0,0.0
kefrin_t_affect_fe_z2.5,noise1,0,1,0.95
kefrin_t_affect_fe_z2.5,noise1,0,2,0.610637168151946
kefrin_t_affect_fe_z2.5,noise1,0,3,0.831701491707704
kefrin_t_affect_fe_z2.5,noise1,0,4,0.8707517452166487
kefrin_t_affect_fe_z2.5,noise1,0,5,0.8932701957873722
kefrin_t_affect_fe_z2.5,noise1,0,6,0.8747198285645712
kefrin_t_affect_fe_z2.5,noise1,0,7,0.8941598713990415
kefrin_t_affect_fe_z2.5,noise1,0,8,0.8920450425274772
kefrin_t_affect_fe_z2.5,noise1,0,9,0.890003709397307
kefrin_t_affect_fe_z2.5,noise1,0,10,0.9013204448929563
kefrin_t_affect_fe_z2.5,noise1,0,11,0.9044972204478166
kefrin_t_affect_fe_z2.5_2pass,noise1,0,0,0.0
kefrin_t_affect_fe_z2.5_2pass,noise1,0,1,0.95
kefrin_t_affect_fe_z2.5_2pass,noise1,0,2,0.6163023447507745
kefrin_t_affect_fe_z2.5_2pass,noise1,0,3,0.8329672881159694
kefrin_t_affect_fe_z2.5_2pass,noise1,0,4,0.8706860965975849
kefrin_t_affect_fe_z2.5_2pass,noise1,0,5,0.8929962354527679
kefrin_t_affect_fe_z2.5_2pass,noise1,0,6,0.8744913712084377
kefrin_t_affect_fe_z2.5_2pass,noise1,0,7,0.89372755838113
kefrin_t_affect_fe_z2.5_2pass,noise1,0,8,0.8917745122633582
kefrin_t_affect_fe_z2.5_2pass,noise1,0,9,0.8897578729751835
kefrin_t_affect_fe_z2.5_2pass,noise1,0,10,0.90139668016508
kefrin_t_affect_fe_z2.5_2pass,noise1,0,11,0.9045514414229366
kefrin_t_affect_fe_z2.5_ma3,noise1,0,0,0.0
kefrin_t_affect_fe_z2.5_ma3,noise1,0,1,0.9274872547039487
kefrin_t_affect_fe_z2.5_ma3,noise1,0,2,0.7189927016558231
kefrin_t_affect_fe_z2.5_ma3,noise1,0,3,0.872577171451641
kefrin_t_affect_fe_z2.5_ma3,noise1,0,4,0.8781623774633346
kefrin_t_affect_fe_z2.5_ma3,noise1,0,5,0.8517377590411508
kefrin_t_affect_fe_z2.5_ma3,noise1,0,6,0.7502780840325763
kefrin_t_affect_fe_z2.5_ma3,noise1,0,7,0.5327440187632599
kefrin_t_affect_fe_z2.5_ma3,noise1,0,8,0.649368587751966
kefrin_t_affect_fe_z2.5_ma3,noise1,0,9,0.7441971656500146
kefrin_t_affect_fe_z2.5_ma3,noise1,0,10,0.7647729276766179
kefrin_t_affect_fe_z2.5_ma3,noise1,0,11,0.8762531915779818
kefrin_t_affect_fe_z2.5_2pass_ma3,noise1,0,0,0.0
kefrin_t_affect_fe_z2.5_2pass_ma3,noise1,0,1,0.95
kefrin_t_affect_fe_z2.5_2pass_ma3,noise1,0,2,0.7567080151558061
kefrin_t_affect_fe_z2.5_2pass_ma3,noise1,0,3,0.826413210302224
kefrin_t_affect_fe_z2.5_2pass_ma3,noise1,0,4,0.8729572936428565
kefrin_t_affect_fe_z2.5_2pass_ma3,noise1,0,5,0.8553955276108816
kefrin_t_affect_fe_z2.5_2pass_ma3,noise1,0,6,0.7956854473037871
kefrin_t_affect_fe_z2.5_2pass_ma3,noise1,0,7,0.5833274902973645
kefrin_t_affect_fe_z2.5_2pass_ma3,noise1,0,8,0.7334291665844256
kefrin_t_affect_fe_z2.5_2pass_ma3,noise1,0,9,0.7678995773099118
kefrin_t_affect_fe_z2.5_2pass_ma3,noise1,0,10,0.810365777182123
kefrin_t_affect_fe_z2.5_2pass_ma3,noise1,0,11,0.8658056554547239
kefrin_t_affect,noise1,1,0,0.0
kefrin_t_affect,noise1,1,1,0.4916149070747296
kefrin_t_affect,noise1,1,2,0.5796738999714394
kefrin_t_affect,noise1,1,3,0.5931291201403779
kefrin_t_affect,noise1,1,4,0.6131684360433537
kefrin_t_affect,noise1,1,5,0.608912401730798
kefrin_t_affect,noise1,1,6,0.633084899880742
kefrin_t_affect,noise1,1,7,0.5812013341232727
kefrin_t_affect,noise1,1,8,0.5964406080622878
kefrin_t_affect,noise1,1,9,0.6022125639114853
kefrin_t_affect,noise1,1,10,0.6111955505906
kefrin_t_affect,noise1,1,11,0.6113508789308502
kefrin_t_affect_fe_noreset,noise1,1,0,0.0
kefrin_t_affect_fe_noreset,noise1,1,1,0.95
kefrin_t_affect_fe_noreset,noise1,1,2,0.6105556154745506
kefrin_t_affect_fe_noreset,noise1,1,3,0.7511855689794387
kefrin_t_affect_fe_noreset,noise1,1,4,0.8513610463073819
kefrin_t_affect_fe_noreset,noise1,1,5,0.8808972188923438
kefrin_t_affect_fe_noreset,noise1,1,6,0.8875189715844521
kefrin_t_affect_fe_noreset,noise1,1,7,0.891195263068355
kefrin_t_affect_fe_noreset,noise1,1,8,0.8838038913203463
kefrin_t_affect_fe_noreset,noise1,1,9,0.731073020657637
kefrin_t_affect_fe_noreset,noise1,1,10,0.6158310015220627
kefrin_t_affect_fe_noreset,noise1,1,11,0.7283003439059793
kefrin_t_affect_fe_z4,noise1,1,0,0.0
kefrin_t_affect_fe_z4,noise1,1,1,0.95
kefrin_t_affect_fe_z4,noise1,1,2,0.6205166236346324
kefrin_t_affect_fe_z4,noise1,1,3,0.7732936365243571
kefrin_t_affect_fe_z4,noise1,1,4,0.8550440029406997
kefrin_t_affect_fe_z4,noise1,1,5,0.8882119547266284
kefrin_t_affect_fe_z4,noise1,1,6,0.8898211060840364
kefrin_t_affect_fe_z4,noise1,1,7,0.9021424112807408
kefrin_t_affect_fe_z4,noise1,1,8,0.9022338167734086
kefrin_t_affect_fe_z4,noise1,1,9,0.8650357973796554
kefrin_t_affect_fe_z4,noise1,1,10,0.8414893027878592
kefrin_t_affect_fe_z4,noise1,1,11,0.8171865417179175
kefrin_t_affect_fe_z2.5,noise1,1,0,0.0
kefrin_t_affect_fe_z2.5,noise1,1,1,0.95
kefrin_t_affect_fe_z2.5,noise1,1,2,0.6327502192890094
kefrin_t_affect_fe_z2.5,noise1,1,3,0.7954474332766701
kefrin_t_affect_fe_z2.5,noise1,1,4,0.878082388495156
kefrin_t_affect_fe_z2.5,noise1,1,5,0.8824726091471058
kefrin_t_affect_fe_z2.5,noise1,1,6,0.8836092476815287
kefrin_t_affect_fe_z2.5,noise1,1,7,0.9061213290236625
kefrin_t_affect_fe_z2.5,noise1,1,8,0.8993619268580975
kefrin_t_affect_fe_z2.5,noise1,1,9,0.8916094138514654
kefrin_t_affect_fe_z2.5,noise1,1,10,0.8958114690040343
kefrin_t_affect_fe_z2.5,noise1,1,11,0.9041365232229176
kefrin_t_affect_fe_z2.5_2pass,noise1,1,0,0.0
kefrin_t_affect_fe_z2.5_2pass,noise1,1,1,0.95
kefrin_t_affect_fe_z2.5_2pass,noise1,1,2,0.6366561415553661
kefrin_t_affect_fe_z2.5_2pass,noise1,1,3,0.7956042310864032
kefrin_t_affect_fe_z2.5_2pass,noise1,1,4,0.8779441487723286
kefrin_t_affect_fe_z2.5_2pass,noise1,1,5,0.882253931473198
kefrin_t_affect_fe_z2.5_2pass,noise1,1,6,0.8834737505083332
kefrin_t_affect_fe_z2.5_2pass,noise1,1,7,0.9062547383721831
kefrin_t_affect_fe_z2.5_2pass,noise1,1,8,0.8994405714870944
kefrin_t_affect_fe_z2.5_2pass,noise1,1,9,0.8915815403531119
kefrin_t_affect_fe_z2.5_2pass,noise1,1,10,0.8958988895933235
kefrin_t_affect_fe_z2.5_2pass,noise1,1,11,0.9041762600036807
kefrin_t_affect_fe_z2.5_ma3,noise1,1,0,0.0
kefrin_t_affect_fe_z2.5_ma3,noise1,1,1,0.95
kefrin_t_affect_fe_z2.5_ma3,noise1,1,2,0.7597128666369701
kefrin_t_affect_fe_z2.5_ma3,noise1,1,3,0.8315631699292998
kefrin_t_affect_fe_z2.5_ma3,noise1,1,4,0.8016677387587797
kefrin_t_affect_fe_z2.5_ma3,noise1,1,5,0.8860686315658262
kefrin_t_affect_fe_z2.5_ma3,noise1,1,6,0.8811590942637828
kefrin_t_affect_fe_z2.5_ma3,noise1,1,7,0.7459330677106252
kefrin_t_affect_fe_z2.5_ma3,noise1,1,8,0.7727001866171027
kefrin_t_affect_fe_z2.5_ma3,noise1,1,9,0.7951032627275878
kefrin_t_affect_fe_z2.5_ma3,noise1,1,10,0.8344379391090219
kefrin_t_affect_fe_z2.5_ma3,noise1,1,11,0.9036029443212604
kefrin_t_affect_fe_z2.5_2pass_ma3,noise1,1,0,0.0
kefrin_t_affect_fe_z2.5_2pass_ma3,noise1,1,1,0.95
kefrin_t_affect_fe_z2.5_2pass_ma3,noise1,1,2,0.7597128666369701
kefrin_t_affect_fe_z2.5_2pass_ma3,noise1,1,3,0.8315631699292998
kefrin_t_affect_fe_z2.5_2pass_ma3,noise1,1,4,0.8016677387587797
kefrin_t_affect_fe_z2.5_2pass_ma3,noise1,1,5,0.8860686315658262
kefrin_t_affect_fe_z2.5_2pass_ma3,noise1,1,6,0.8811590942637828
kefrin_t_affect_fe_z2.5_2pass_ma3,noise1,1,7,0.7459330677106252
kefrin_t_affect_fe_z2.5_2pass_ma3,noise1,1,8,0.7727001866171027
kefrin_t_affect_fe_z2.5_2pass_ma3,noise1,1,9,0.7951032627275878
kefrin_t_affect_fe_z2.5_2pass_ma3,noise1,1,10,0.8344379391090219
kefrin_t_affect_fe_z2.5_2pass_ma3,noise1,1,11,0.9036029443212604
kefrin_t_affect,noise1,2,0,0.0
kefrin_t_affect,noise1,2,1,0.4806652501993002
kefrin_t_affect,noise1,2,2,0.5652423890783906
kefrin_t_affect,noise1,2,3,0.5922500704489553
kefrin_t_affect,noise1,2,4,0.6012534801408771
kefrin_t_affect,noise1,2,5,0.5952993696786488
kefrin_t_affect,noise1,2,6,0.6581199940165429
kefrin_t_affect,noise1,2,7,0.5434154342279243
kefrin_t_affect,noise1,2,8,0.5786132008468192
kefrin_t_affect,noise1,2,9,0.5968796209053693
kefrin_t_affect,noise1,2,10,0.5936711033403215
kefrin_t_affect,noise1,2,11,0.6105057989012621
kefrin_t_affect_fe_noreset,noise1,2,0,0.0
kefrin_t_affect_fe_noreset,noise1,2,1,0.95
kefrin_t_affect_fe_noreset,noise1,2,2,0.6048100130664548
kefrin_t_affect_fe_noreset,noise1,2,3,0.7532233882988049
kefrin_t_affect_fe_noreset,noise1,2,4,0.8306016740569032
kefrin_t_affect_fe_noreset,noise1,2,5,0.8221268066228361
kefrin_t_affect_fe_noreset,noise1,2,6,0.8764893035696243
kefrin_t_affect_fe_noreset,noise1,2,7,0.8571914328270227
kefrin_t_affect_fe_noreset,noise1,2,8,0.7872463335849809
kefrin_t_affect_fe_noreset,noise1,2,9,0.4552101995676039
kefrin_t_affect_fe_noreset,noise1,2,10,0.6973360376937089
kefrin_t_affect_fe_noreset,noise1,2,11,0.7988330702806723
kefrin_t_affect_fe_z4,noise1,2,0,0.0
kefrin_t_affect_fe_z4,noise1,2,1,0.95
kefrin_t_affect_fe_z4,noise1,2,2,0.5950339693979783
kefrin_t_affect_fe_z4,noise1,2,3,0.8406703913469588
kefrin_t_affect_fe_z4,noise1,2,4,0.8722807980809354
kefrin_t_affect_fe_z4,noise1,2,5,0.8856661621441515
kefrin_t_affect_fe_z4,noise1,2,6,0.8816754302384816
kefrin_t_affect_fe_z4,noise1,2,7,0.9119851348481796
kefrin_t_affect_fe_z4,noise1,2,8,0.9217685543129099
kefrin_t_affect_fe_z4,noise1,2,9,0.8908621975018666
kefrin_t_affect_fe_z4,noise1,2,10,0.892070970714407
kefrin_t_affect_fe_z4,noise1,2,11,0.8944025514682279
kefrin_t_affect_fe_z2.5,noise1,2,0,0.0
kefrin_t_affect_fe_z2.5,noise1,2,1,0.95
kefrin_t_affect_fe_z2.5,noise1,2,2,0.6097491894875292
kefrin_t_affect_fe_z2.5,noise1,2,3,0.854239885864331
kefrin_t_affect_fe_z2.5,noise1,2,4,0.8767115243504315
kefrin_t_affect_fe_z2.5,noise1,2,5,0.8831387445718927
kefrin_t_affect_fe_z2.5,noise1,2,6,0.8824059322859134
kefrin_t_affect_fe_z2.5,noise1,2,7,0.912070698167133
kefrin_t_affect_fe_z2.5,noise1,2,8,0.9092346445572427
kefrin_t_affect_fe_z2.5,noise1,2,9,0.9041241036258089
kefrin_t_affect_fe_z2.5,noise1,2,10,0.909742642384244
kefrin_t_affect_fe_z2.5,noise1,2,11,0.9152690620733505
kefrin_t_affect_fe_z2.5_2pass,noise1,2,0,0.0
kefrin_t_affect_fe_z2.5_2pass,noise1,2,1,0.95
kefrin_t_affect_fe_z2.5_2pass,noise1,2,2,0.6097491894875292
kefrin_t_affect_fe_z2.5_2pass,noise1,2,3,0.854239885864331
kefrin_t_affect_fe_z2.5_2pass,noise1,2,4,0.8767115243504315
kefrin_t_affect_fe_z2.5_2pass,noise1,2,5,0.8831387445718927
kefrin_t_affect_fe_z2.5_2pass,noise1,2,6,0.8824059322859134
kefrin_t_affect_fe_z2.5_2pass,noise1,2,7,0.912070698167133
kefrin_t_affect_fe_z2.5_2pass,noise1,2,8,0.9092346445572427
kefrin_t_affect_fe_z2.5_2pass,noise1,2,9,0.9041241036258089
kefrin_t_affect_fe_z2.5_2pass,noise1,2,10,0.909742642384244
kefrin_t_affect_fe_z2.5_2pass,noise1,2,11,0.9152690620733505
kefrin_t_affect_fe_z2.5_ma3,noise1,2,0,0.0
kefrin_t_affect_fe_z2.5_ma3,noise1,2,1,0.95
kefrin_t_affect_fe_z2.5_ma3,noise1,2,2,0.8244162600964757
kefrin_t_affect_fe_z2.5_ma3,noise1,2,3,0.8144154762874931
kefrin_t_affect_fe_z2.5_ma3,noise1,2,4,0.8555253340292647
kefrin_t_affect_fe_z2.5_ma3,noise1,2,5,0.8323457473367031
kefrin_t_affect_fe_z2.5_ma3,noise1,2,6,0.8503718404127089
kefrin_t_affect_fe_z2.5_ma3,noise1,2,7,0.5911822718742249
kefrin_t_affect_fe_z2.5_ma3,noise1,2,8,0.8070863359682028
kefrin_t_affect_fe_z2.5_ma3,noise1,2,9,0.822836908308236
kefrin_t_affect_fe_z2.5_ma3,noise1,2,10,0.7870576501437647
kefrin_t_affect_fe_z2.5_ma3,noise1,2,11,0.9250983593267008
kefrin_t_affect_fe_z2.5_2pass_ma3,noise1,2,0,0.0
kefrin_t_affect_fe_z2.5_2pass_ma3,noise1,2,1,0.95
kefrin_t_affect_fe_z2.5_2pass_ma3,noise1,2,2,0.8244162600964757
kefrin_t_affect_fe_z2.5_2pass_ma3,noise1,2,3,0.8144154762874931
kefrin_t_affect_fe_z2.5_2pass_ma3,noise1,2,4,0.8555253340292647
kefrin_t_affect_fe_z2.5_2pass_ma3,noise1,2,5,0.8323457473367031
kefrin_t_affect_fe_z2.5_2pass_ma3,noise1,2,6,0.8503718404127089
kefrin_t_affect_fe_z2.5_2pass_ma3,noise1,2,7,0.5911822718742249
kefrin_t_affect_fe_z2.5_2pass_ma3,noise1,2,8,0.8070863359682028
kefrin_t_affect_fe_z2.5_2pass_ma3,noise1,2,9,0.822836908308236
kefrin_t_affect_fe_z2.5_2pass_ma3,noise1,2,10,0.7870576501437647
kefrin_t_affect_fe_z2.5_2pass_ma3,noise1,2,11,0.9250983593267008
kefrin_t_affect,noise1,3,0,0.0
kefrin_t_affect,noise1,3,1,0.4916401695284583
kefrin_t_affect,noise1,3,2,0.5668483357980053
kefrin_t_affect,noise1,3,3,0.5866767144704288
kefrin_t_affect,noise1,3,4,0.6048100936474052
kefrin_t_affect,noise1,3,5,0.6196739386805802
kefrin_t_affect,noise1,3,6,0.6774094639054208
kefrin_t_affect,noise1,3,7,0.5312515342098426
kefrin_t_affect,noise1,3,8,0.5624795765324924
kefrin_t_affect,noise1,3,9,0.5961423822925452
kefrin_t_affect,noise1,3,10,0.6023413932770134
kefrin_t_affect,noise1,3,11,0.60469233822393
kefrin_t_affect_fe_noreset,noise1,3,0,0.0
kefrin_t_affect_fe_noreset,noise1,3,1,0.95
kefrin_t_affect_fe_noreset,noise1,3,2,0.6929544825363141
kefrin_t_affect_fe_noreset,noise1,3,3,0.7267306358798968
kefrin_t_affect_fe_noreset,noise1,3,4,0.8662768999118736
kefrin_t_affect_fe_noreset,noise1,3,5,0.8344568501055365
kefrin_t_affect_fe_noreset,noise1,3,6,0.863180297437025
kefrin_t_affect_fe_noreset,noise1,3,7,0.8584373946441659
kefrin_t_affect_fe_noreset,noise1,3,8,0.8573883465181102
kefrin_t_affect_fe_noreset,noise1,3,9,0.40100174229303365
kefrin_t_affect_fe_noreset,noise1,3,10,0.6827295635260292
kefrin_t_affect_fe_noreset,noise1,3,11,0.782419504639008
kefrin_t_affect_fe_z4,noise1,3,0,0.0
kefrin_t_affect_fe_z4,noise1,3,1,0.95
kefrin_t_affect_fe_z4,noise1,3,2,0.6279840227760645
kefrin_t_affect_fe_z4,noise1,3,3,0.8314149836442464
kefrin_t_affect_fe_z4,noise1,3,4,0.8822914917989914
kefrin_t_affect_fe_z4,noise1,3,5,0.8920799167375303
kefrin_t_affect_fe_z4,noise1,3,6,0.8785801664249973
kefrin_t_affect_fe_z4,noise1,3,7,0.9213842880868137
kefrin_t_affect_fe_z4,noise1,3,8,0.9122985257960549
kefrin_t_affect_fe_z4,noise1,3,9,0.8762288649999943
kefrin_t_affect_fe_z4,noise1,3,10,0.8626912109128624
kefrin_t_affect_fe_z4,noise1,3,11,0.8761837277906498
kefrin_t_affect_fe_z2.5,noise1,3,0,0.0
kefrin_t_affect_fe_z2.5,noise1,3,1,0.95
kefrin_t_affect_fe_z2.5,noise1,3,2,0.6589869459239306
kefrin_t_affect_fe_z2.5,noise1,3,3,0.8390756223071699
kefrin_t_affect_fe_z2.5,noise1,3,4,0.8794424631199625
kefrin_t_affect_fe_z2.5,noise1,3,5,0.8967479298382759
kefrin_t_affect_fe_z2.5,noise1,3,6,0.8764027983392153
kefrin_t_affect_fe_z2.5,noise1,3,7,0.9242743342364274
kefrin_t_affect_fe_z2.5,noise1,3,8,0.9020563769416031
kefrin_t_affect_fe_z2.5,noise1,3,9,0.898457598180634
kefrin_t_affect_fe_z2.5,noise1,3,10,0.9130358343828301
kefrin_t_affect_fe_z2.5,noise1,3,11,0.9063735480291946
kefrin_t_affect_fe_z2.5_2pass,noise1,3,0,0.0
kefrin_t_affect_fe_z2.5_2pass,noise1,3,1,0.95
kefrin_t_affect_fe_z2.5_2pass,noise1,3,2,0.6589869459239306
kefrin_t_affect_fe_z2.5_2pass,noise1,3,3,0.8390756223071699
kefrin_t_affect_fe_z2.5_2pass,noise1,3,4,0.8794424631199625
kefrin_t_affect_fe_z2.5_2pass,noise1,3,5,0.8967479298382759
kefrin_t_affect_fe_z2.5_2pass,noise1,3,6,0.8764027983392153
kefrin_t_affect_fe_z2.5_2pass,noise1,3,7,0.9242743342364274
kefrin_t_affect_fe_z2.5_2pass,noise1,3,8,0.9020563769416031
kefrin_t_affect_fe_z2.5_2pass,noise1,3,9,0.898457598180634
kefrin_t_affect_fe_z2.5_2pass,noise1,3,10,0.9130358343828301
kefrin_t_affect_fe_z2.5_2pass,noise1,3,11,0.9063735480291946
kefrin_t_affect_fe_z2.5_ma3,noise1,3,0,0.0
kefrin_t_affect_fe_z2.5_ma3,noise1,3,1,0.95
kefrin_t_affect_fe_z2.5_ma3,noise1,3,2,0.8181857147292918
kefrin_t_affect_fe_z2.5_ma3,noise1,3,3,0.8073243465335131
kefrin_t_affect_fe_z2.5_ma3,noise1,3,4,0.8807830903685665
kefrin_t_affect_fe_z2.5_ma3,noise1,3,5,0.8294377575566416
kefrin_t_affect_fe_z2.5_ma3,noise1,3,6,0.7692654574858193
kefrin_t_affect_fe_z2.5_ma3,noise1,3,7,0.3608947237485181
kefrin_t_affect_fe_z2.5_ma3,noise1,3,8,0.735308556927176
kefrin_t_affect_fe_z2.5_ma3,noise1,3,9,0.7433853269121534
kefrin_t_affect_fe_z2.5_ma3,noise1,3,10,0.7399307818715776
kefrin_t_affect_fe_z2.5_ma3,noise1,3,11,0.8654343813401021
kefrin_t_affect_fe_z2.5_2pass_ma3,noise1,3,0,0.0
kefrin_t_affect_fe_z2.5_2pass_ma3,noise1,3,1,0.95
kefrin_t_affect_fe_z2.5_2pass_ma3,noise1,3,2,0.8181857147292918
kefrin_t_affect_fe_z2.5_2pass_ma3,noise1,3,3,0.8073243465335131
kefrin_t_affect_fe_z2.5_2pass_ma3,noise1,3,4,0.8807830903685665
kefrin_t_affect_fe_z2.5_2pass_ma3,noise1,3,5,0.8294377575566416
kefrin_t_affect_fe_z2.5_2pass_ma3,noise1,3,6,0.7692654574858193
kefrin_t_affect_fe_z2.5_2pass_ma3,noise1,3,7,0.3608947237485181
kefrin_t_affect_fe_z2.5_2pass_ma3,noise1,3,8,0.735308556927176
kefrin_t_affect_fe_z2.5_2pass_ma3,noise1,3,9,0.7433853269121534
kefrin_t_affect_fe_z2.5_2pass_ma3,noise1,3,10,0.7399307818715776
kefrin_t_affect_fe_z2.5_2pass_ma3,noise1,3,11,0.8654343813401021
kefrin_t_affect,noise1,4,0,0.0
kefrin_t_affect,noise1,4,1,0.49976750186018715
kefrin_t_affect,noise1,4,2,0.5622321308703574
kefrin_t_affect,noise1,4,3,0.5865170599154367
kefrin_t_affect,noise1,4,4,0.6117250878401346
kefrin_t_affect,noise1,4,5,0.6183448472706908
kefrin_t_affect,noise1,4,6,0.6564992243840841
kefrin_t_affect,noise1,4,7,0.5860478265316115
kefrin_t_affect,noise1,4,8,0.584043965421316
kefrin_t_affect,noise1,4,9,0.6189657131568141
kefrin_t_affect,noise1,4,10,0.5962468348170049
kefrin_t_affect,noise1,4,11,0.616617973360052
kefrin_t_affect_fe_noreset,noise1,4,0,0.0
kefrin_t_affect_fe_noreset,noise1,4,1,0.95
kefrin_t_affect_fe_noreset,noise1,4,2,0.5817384006184366
kefrin_t_affect_fe_noreset,noise1,4,3,0.7544408871299678
kefrin_t_affect_fe_noreset,noise1,4,4,0.8417788483335301
kefrin_t_affect_fe_noreset,noise1,4,5,0.8797418627939101
kefrin_t_affect_fe_noreset,noise1,4,6,0.8850216117742588
kefrin_t_affect_fe_noreset,noise1,4,7,0.8672127613627512
kefrin_t_affect_fe_noreset,noise1,4,8,0.8648342467241493
kefrin_t_affect_fe_noreset,noise1,4,9,0.7940516983503075
kefrin_t_affect_fe_noreset,noise1,4,10,0.5505179900818514
kefrin_t_affect_fe_noreset,noise1,4,11,0.7299376502993421
kefrin_t_affect_fe_z4,noise1,4,0,0.0
kefrin_t_affect_fe_z4,noise1,4,1,0.95
kefrin_t_affect_fe_z4,noise1,4,2,0.5847934435277838
kefrin_t_affect_fe_z4,noise1,4,3,0.8005939445615278
kefrin_t_affect_fe_z4,noise1,4,4,0.8690838729304651
kefrin_t_affect_fe_z4,noise1,4,5,0.8817836022194459
kefrin_t_affect_fe_z4,noise1,4,6,0.8895560938305462
kefrin_t_affect_fe_z4,noise1,4,7,0.8857374734968845
kefrin_t_affect_fe_z4,noise1,4,8,0.8893427385952372
kefrin_t_affect_fe_z4,noise1,4,9,0.8999827559473255
kefrin_t_affect_fe_z4,noise1,4,10,0.8765712844690796
kefrin_t_affect_fe_z4,noise1,4,11,0.863022130178809
kefrin_t_affect_fe_z2.5,noise1,4,0,0.0
kefrin_t_affect_fe_z2.5,noise1,4,1,0.95
kefrin_t_affect_fe_z2.5,noise1,4,2,0.5921692552139217
kefrin_t_affect_fe_z2.5,noise1,4,3,0.8375336463397954
kefrin_t_affect_fe_z2.5,noise1,4,4,0.8748227870414476
kefrin_t_affect_fe_z2.5,noise1,4,5,0.8845095697177126
kefrin_t_affect_fe_z2.5,noise1,4,6,0.8837852682382636
kefrin_t_affect_fe_z2.5,noise1,4,7,0.9086136361729692
kefrin_t_affect_fe_z2.5,noise1,4,8,0.9036601791474101
kefrin_t_affect_fe_z2.5,noise1,4,9,0.9087951659686858
kefrin_t_affect_fe_z2.5,noise1,4,10,0.9008201464731805
kefrin_t_affect_fe_z2.5,noise1,4,11,0.9025872353637121
kefrin_t_affect_fe_z2.5_2pass,noise1,4,0,0.0
kefrin_t_affect_fe_z2.5_2pass,noise1,4,1,0.95
kefrin_t_affect_fe_z2.5_2pass,noise1,4,2,0.5891970072725246
kefrin_t_affect_fe_z2.5_2pass,noise1,4,3,0.8368256782332099
kefrin_t_affect_fe_z2.5_2pass,noise1,4,4,0.8750331588563652
kefrin_t_affect_fe_z2.5_2pass,noise1,4,5,0.8847194717639344
kefrin_t_affect_fe_z2.5_2pass,noise1,4,6,0.8839638037341379
kefrin_t_affect_fe_z2.5_2pass,noise1,4,7,0.908593300591017
kefrin_t_affect_fe_z2.5_2pass,noise1,4,8,0.9036254202541316
kefrin_t_affect_fe_z2.5_2pass,noise1,4,9,0.9087800138436969
kefrin_t_affect_fe_z2.5_2pass,noise1,4,10,0.9006961869270296
kefrin_t_affect_fe_z2.5_2pass,noise1,4,11,0.9025623683117553
kefrin_t_affect_fe_z2.5_ma3,noise1,4,0,0.0
kefrin_t_affect_fe_z2.5_ma3,noise1,4,1,0.667640858143395
kefrin_t_affect_fe_z2.5_ma3,noise1,4,2,0.7522885910159532
kefrin_t_affect_fe_z2.5_ma3,noise1,4,3,0.936610019246277
kefrin_t_affect_fe_z2.5_ma3,noise1,4,4,0.8765752573342016
kefrin_t_affect_fe_z2.5_ma3,noise1,4,5,0.8347844170359447
kefrin_t_affect_fe_z2.5_ma3,noise1,4,6,0.8563479740264258
kefrin_t_affect_fe_z2.5_ma3,noise1,4,7,0.554900187380014
kefrin_t_affect_fe_z2.5_ma3,noise1,4,8,0.77813398134679
kefrin_t_affect_fe_z2.5_ma3,noise1,4,9,0.817168063601936
kefrin_t_affect_fe_z2.5_ma3,noise1,4,10,0.783126455108535
kefrin_t_affect_fe_z2.5_ma3,noise1,4,11,0.8473378113512998
kefrin_t_affect_fe_z2.5_2pass_ma3,noise1,4,0,0.0
kefrin_t_affect_fe_z2.5_2pass_ma3,noise1,4,1,0.667640858143395
kefrin_t_affect_fe_z2.5_2pass_ma3,noise1,4,2,0.7522885910159532
kefrin_t_affect_fe_z2.5_2pass_ma3,noise1,4,3,0.936610019246277
kefrin_t_affect_fe_z2.5_2pass_ma3,noise1,4,4,0.8765752573342016
kefrin_t_affect_fe_z2.5_2pass_ma3,noise1,4,5,0.8347844170359447
kefrin_t_affect_fe_z2.5_2pass_ma3,noise1,4,6,0.8563479740264258
kefrin_t_affect_fe_z2.5_2pass_ma3,noise1,4,7,0.554900187380014
kefrin_t_affect_fe_z2.5_2pass_ma3,noise1,4,8,0.77813398134679
kefrin_t_affect_fe_z2.5_2pass_ma3,noise1,4,9,0.817168063601936
kefrin_t_affect_fe_z2.5_2pass_ma3,noise1,4,10,0.783126455108535
kefrin_t_affect_fe_z2.5_2pass_ma3,noise1,4,11,0.8473378113512998
kefrin_t_affect,noise2,0,0,0.0
kefrin_t_affect,noise2,0,1,0.505117668166818
kefrin_t_affect,noise2,0,2,0.6174521751501076
kefrin_t_affect,noise2,0,3,0.6691761745513162
kefrin_t_affect,noise2,0,4,0.7013868221006846
kefrin_t_affect,noise2,0,5,0.7158777279762291
kefrin_t_affect,noise2,0,6,0.7543009188503983
kefrin_t_affect,noise2,0,7,0.7331704634218597
kefrin_t_affect,noise2,0,8,0.7271380156858107
kefrin_t_affect,noise2,0,9,0.7366261639198588
kefrin_t_affect,noise2,0,10,0.746300531228233
kefrin_t_affect,noise2,0,11,0.74196222450451
kefrin_t_affect_fe_noreset,noise2,0,0,0.0
kefrin_t_affect_fe_noreset,noise2,0,1,0.8839033203163302
kefrin_t_affect_fe_noreset,noise2,0,2,0.5648364838575745
kefrin_t_affect_fe_noreset,noise2,0,3,0.789550543970016
kefrin_t_affect_fe_noreset,noise2,0,4,0.8593572171408539
kefrin_t_affect_fe_noreset,noise2,0,5,0.88558465206593
kefrin_t_affect_fe_noreset,noise2,0,6,0.8974074632102087
kefrin_t_affect_fe_noreset,noise2,0,7,0.8947712679065617
kefrin_t_affect_fe_noreset,noise2,0,8,0.8941070801712372
kefrin_t_affect_fe_noreset,noise2,0,9,0.8890641386179041
kefrin_t_affect_fe_noreset,noise2,0,10,0.8820851722416283
kefrin_t_affect_fe_noreset,noise2,0,11,0.82591552260553
kefrin_t_affect_fe_z4,noise2,0,0,0.0
kefrin_t_affect_fe_z4,noise2,0,1,0.8839033203163302
kefrin_t_affect_fe_z4,noise2,0,2,0.5648364838575745
kefrin_t_affect_fe_z4,noise2,0,3,0.789550543970016
kefrin_t_affect_fe_z4,noise2,0,4,0.8593572171408539
kefrin_t_affect_fe_z4,noise2,0,5,0.8857264524053003
kefrin_t_affect_fe_z4,noise2,0,6,0.8999534699705836
kefrin_t_affect_fe_z4,noise2,0,7,0.8988179234387143
kefrin_t_affect_fe_z4,noise2,0,8,0.896585409822245
kefrin_t_affect_fe_z4,noise2,0,9,0.8956846979413494
kefrin_t_affect_fe_z4,noise2,0,10,0.890807334392093
kefrin_t_affect_fe_z4,noise2,0,11,0.859161051402621
kefrin_t_affect_fe_z2.5,noise2,0,0,0.0
kefrin_t_affect_fe_z2.5,noise2,0,1,0.8839033203163302
kefrin_t_affect_fe_z2.5,noise2,0,2,0.5780847761109366
kefrin_t_affect_fe_z2.5,noise2,0,3,0.8034416593957351
kefrin_t_affect_fe_z2.5,noise2,0,4,0.8519966963101464
kefrin_t_affect_fe_z2.5,noise2,0,5,0.8753743819326842
kefrin_t_affect_fe_z2.5,noise2,0,6,0.896803388444924
kefrin_t_affect_fe_z2.5,noise2,0,7,0.8931569366801524
kefrin_t_affect_fe_z2.5,noise2,0,8,0.8862640090009778
kefrin_t_affect_fe_z2.5,noise2,0,9,0.8905954102750873
kefrin_t_affect_fe_z2.5,noise2,0,10,0.8916225033736759
kefrin_t_affect_fe_z2.5,noise2,0,11,0.8606089075420884
kefrin_t_affect_fe_z2.5_2pass,noise2,0,0,0.0
kefrin_t_affect_fe_z2.5_2pass,noise2,0,1,0.8874663866648106
kefrin_t_affect_fe_z2.5_2pass,noise2,0,2,0.5788414871434481
kefrin_t_affect_fe_z2.5_2pass,noise2,0,3,0.7984728610660656
kefrin_t_affect_fe_z2.5_2pass,noise2,0,4,0.8535643809231089
kefrin_t_affect_fe_z2.5_2pass,noise2,0,5,0.8765604322294942
kefrin_t_affect_fe_z2.5_2pass,noise2,0,6,0.897175706260774
kefrin_t_affect_fe_z2.5_2pass,noise2,0,7,0.8933922335821731
kefrin_t_affect_fe_z2.5_2pass,noise2,0,8,0.8892402614171395
kefrin_t_affect_fe_z2.5_2pass,noise2,0,9,0.8899222246503229
kefrin_t_affect_fe_z2.5_2pass,noise2,0,10,0.8904444460182146
kefrin_t_affect_fe_z2.5_2pass,noise2,0,11,0.8601612090753573
kefrin_t_affect_fe_z2.5_ma3,noise2,0,0,0.0
kefrin_t_affect_fe_z2.5_ma3,noise2,0,1,0.9155398576074679
kefrin_t_affect_fe_z2.5_ma3,noise2,0,2,0.7723189453604757
kefrin_t_affect_fe_z2.5_ma3,noise2,0,3,0.8198884221351969
kefrin_t_affect_fe_z2.5_ma3,noise2,0,4,0.8578007172315467
kefrin_t_affect_fe_z2.5_ma3,noise2,0,5,0.8596010263144783
kefrin_t_affect_fe_z2.5_ma3,noise2,0,6,0.8678126599032769
kefrin_t_affect_fe_z2.5_ma3,noise2,0,7,0.8844288117115814
kefrin_t_affect_fe_z2.5_ma3,noise2,0,8,0.8702330406441263
kefrin_t_affect_fe_z2.5_ma3,noise2,0,9,0.8743213827991599
kefrin_t_affect_fe_z2.5_ma3,noise2,0,10,0.8774637591908055
kefrin_t_affect_fe_z2.5_ma3,noise2,0,11,0.9022143299799416
kefrin_t_affect_fe_z2.5_2pass_ma3,noise2,0,0,0.0
kefrin_t_affect_fe_z2.5_2pass_ma3,noise2,0,1,0.9190654471590719
kefrin_t_affect_fe_z2.5_2pass_ma3,noise2,0,2,0.7694959099116354
kefrin_t_affect_fe_z2.5_2pass_ma3,noise2,0,3,0.8200471278553695
kefrin_t_affect_fe_z2.5_2pass_ma3,noise2,0,4,0.8581872122415463
kefrin_t_affect_fe_z2.5_2pass_ma3,noise2,0,5,0.8599114694725478
kefrin_t_affect_fe_z2.5_2pass_ma3,noise2,0,6,0.8706309963648752
kefrin_t_affect_fe_z2.5_2pass_ma3,noise2,0,7,0.8873742844845967
kefrin_t_affect_fe_z2.5_2pass_ma3,noise2,0,8,0.8715250478706488
kefrin_t_affect_fe_z2.5_2pass_ma3,noise2,0,9,0.8633426789256835
kefrin_t_affect_fe_z2.5_2pass_ma3,noise2,0,10,0.8776417767931779
kefrin_t_affect_fe_z2.5_2pass_ma3,noise2,0,11,0.9012846375385165
kefrin_t_affect,noise2,1,0,0.0
kefrin_t_affect,noise2,1,1,0.4895703661369573
kefrin_t_affect,noise2,1,2,0.6376659758332958
kefrin_t_affect,noise2,1,3,0.6784563365127909
kefrin_t_affect,noise2,1,4,0.7168386379612622
kefrin_t_affect,noise2,1,5,0.7212817783696158
kefrin_t_affect,noise2,1,6,0.7523700696527607
kefrin_t_affect,noise2,1,7,0.7437516177846825
kefrin_t_affect,noise2,1,8,0.7437222356811493
kefrin_t_affect,noise2,1,9,0.7412836099802241
kefrin_t_affect,noise2,1,10,0.7477657529208206
kefrin_t_affect,noise2,1,11,0.7493384134541899
kefrin_t_affect_fe_noreset,noise2,1,0,0.0
kefrin_t_affect_fe_noreset,noise2,1,1,0.8886089729093676
kefrin_t_affect_fe_noreset,noise2,1,2,0.5524909846199988
kefrin_t_affect_fe_noreset,noise2,1,3,0.7744440817304716
kefrin_t_affect_fe_noreset,noise2,1,4,0.8572831350066796
kefrin_t_affect_fe_noreset,noise2,1,5,0.8811162662140154
kefrin_t_affect_fe_noreset,noise2,1,6,0.9037982479124935
kefrin_t_affect_fe_noreset,noise2,1,7,0.9086494575226914
kefrin_t_affect_fe_noreset,noise2,1,8,0.9122890108949337
kefrin_t_affect_fe_noreset,noise2,1,9,0.9084314585210512
kefrin_t_affect_fe_noreset,noise2,1,10,0.8832656652418185
kefrin_t_affect_fe_noreset,noise2,1,11,0.8630724057893867
kefrin_t_affect_fe_z4,noise2,1,0,0.0
kefrin_t_affect_fe_z4,noise2,1,1,0.8886089729093676
kefrin_t_affect_fe_z4,noise2,1,2,0.5524909846199988
kefrin_t_affect_fe_z4,noise2,1,3,0.7744440817304716
kefrin_t_affect_fe_z4,noise2,1,4,0.8571325851823096
kefrin_t_affect_fe_z4,noise2,1,5,0.8796561305636769
kefrin_t_affect_fe_z4,noise2,1,6,0.9026988880061411
kefrin_t_affect_fe_z4,noise2,1,7,0.9060748838998592
kefrin_t_affect_fe_z4,noise2,1,8,0.910542491497211
kefrin_t_affect_fe_z4,noise2,1,9,0.9052651945091482
kefrin_t_affect_fe_z4,noise2,1,10,0.8805417128937619
kefrin_t_affect_fe_z4,noise2,1,11,0.8673044217809553
kefrin_t_affect_fe_z2.5,noise2,1,0,0.0
kefrin_t_affect_fe_z2.5,noise2,1,1,0.8886089729093676
kefrin_t_affect_fe_z2.5,noise2,1,2,0.5624208646619157
kefrin_t_affect_fe_z2.5,noise2,1,3,0.7793893973854964
kefrin_t_affect_fe_z2.5,noise2,1,4,0.8645244944892253
kefrin_t_affect_fe_z2.5,noise2,1,5,0.8725061240557411
kefrin_t_affect_fe_z2.5,noise2,1,6,0.8964479807138958
kefrin_t_affect_fe_z2.5,noise2,1,7,0.9090525675214502
kefrin_t_affect_fe_z2.5,noise2,1,8,0.9155805352422383
kefrin_t_affect_fe_z2.5,noise2,1,9,0.8986724457726867
kefrin_t_affect_fe_z2.5,noise2,1,10,0.8769805825844726
kefrin_t_affect_fe_z2.5,noise2,1,11,0.876648075528884
kefrin_t_affect_fe_z2.5_2pass,noise2,1,0,0.0
kefrin_t_affect_fe_z2.5_2pass,noise2,1,1,0.8625955471571459
kefrin_t_affect_fe_z2.5_2pass,noise2,1,2,0.5735063403575804
kefrin_t_affect_fe_z2.5_2pass,noise2,1,3,0.7845516665174586
kefrin_t_affect_fe_z2.5_2pass,noise2,1,4,0.8604491437570794
kefrin_t_affect_fe_z2.5_2pass,noise2,1,5,0.8716638993041192
kefrin_t_affect_fe_z2.5_2pass,noise2,1,6,0.89661558494907
kefrin_t_affect_fe_z2.5_2pass,noise2,1,7,0.908025253079522
kefrin_t_affect_fe_z2.5_2pass,noise2,1,8,0.9147736305743289
kefrin_t_affect_fe_z2.5_2pass,noise2,1,9,0.900046742366597
kefrin_t_affect_fe_z2.5_2pass,noise2,1,10,0.887042668233516
kefrin_t_affect_fe_z2.5_2pass,noise2,1,11,0.877871689688565
kefrin_t_affect_fe_z2.5_ma3,noise2,1,0,0.0
kefrin_t_affect_fe_z2.5_ma3,noise2,1,1,0.8404290377121236
kefrin_t_affect_fe_z2.5_ma3,noise2,1,2,0.816893184461063
kefrin_t_affect_fe_z2.5_ma3,noise2,1,3,0.785382787932711
kefrin_t_affect_fe_z2.5_ma3,noise2,1,4,0.8091431115248754
kefrin_t_affect_fe_z2.5_ma3,noise2,1,5,0.8792245004025669
kefrin_t_affect_fe_z2.5_ma3,noise2,1,6,0.8879405353989103
kefrin_t_affect_fe_z2.5_ma3,noise2,1,7,0.8879800882441973
kefrin_t_affect_fe_z2.5_ma3,noise2,1,8,0.8660012842074839
kefrin_t_affect_fe_z2.5_ma3,noise2,1,9,0.8244748989657542
kefrin_t_affect_fe_z2.5_ma3,noise2,1,10,0.8636736847738491
kefrin_t_affect_fe_z2.5_ma3,noise2,1,11,0.8943222033262993
kefrin_t_affect_fe_z2.5_2pass_ma3,noise2,1,0,0.0
kefrin_t_affect_fe_z2.5_2pass_ma3,noise2,1,1,0.8504109737141821
kefrin_t_affect_fe_z2.5_2pass_ma3,noise2,1,2,0.8163336724179396
kefrin_t_affect_fe_z2.5_2pass_ma3,noise2,1,3,0.7848116355170567
kefrin_t_affect_fe_z2.5_2pass_ma3,noise2,1,4,0.8071301766301574
kefrin_t_affect_fe_z2.5_2pass_ma3,noise2,1,5,0.8792768415837816
kefrin_t_affect_fe_z2.5_2pass_ma3,noise2,1,6,0.8886882432986403
kefrin_t_affect_fe_z2.5_2pass_ma3,noise2,1,7,0.888155719083066
kefrin_t_affect_fe_z2.5_2pass_ma3,noise2,1,8,0.8685407226931084
kefrin_t_affect_fe_z2.5_2pass_ma3,noise2,1,9,0.8284205257489304
kefrin_t_affect_fe_z2.5_2pass_ma3,noise2,1,10,0.8687327381190252
kefrin_t_affect_fe_z2.5_2pass_ma3,noise2,1,11,0.8946145031436422
kefrin_t_affect,noise2,2,0,0.0
kefrin_t_affect,noise2,2,1,0.4855632771290787
kefrin_t_affect,noise2,2,2,0.6118855766720068
kefrin_t_affect,noise2,2,3,0.6767303241893593
kefrin_t_affect,noise2,2,4,0.6993022361952841
kefrin_t_affect,noise2,2,5,0.7171462763656735
kefrin_t_affect,noise2,2,6,0.7557528445285894
kefrin_t_affect,noise2,2,7,0.7395716003265518
kefrin_t_affect,noise2,2,8,0.7236740423513166
kefrin_t_affect,noise2,2,9,0.7217364276968192
kefrin_t_affect,noise2,2,10,0.7319943109604995
kefrin_t_affect,noise2,2,11,0.7418226810425077
kefrin_t_affect_fe_noreset,noise2,2,0,0.0
kefrin_t_affect_fe_noreset,noise2,2,1,0.9191144913165713
kefrin_t_affect_fe_noreset,noise2,2,2,0.5858922573035489
kefrin_t_affect_fe_noreset,noise2,2,3,0.8041445019491329
kefrin_t_affect_fe_noreset,noise2,2,4,0.8585227034336317
kefrin_t_affect_fe_noreset,noise2,2,5,0.8712660022751989
kefrin_t_affect_fe_noreset,noise2,2,6,0.8962186042786711
kefrin_t_affect_fe_noreset,noise2,2,7,0.8889145479557863
kefrin_t_affect_fe_noreset,noise2,2,8,0.9044806602038165
kefrin_t_affect_fe_noreset,noise2,2,9,0.8800725949485941
kefrin_t_affect_fe_noreset,noise2,2,10,0.867842601709488
kefrin_t_affect_fe_noreset,noise2,2,11,0.8473001849253573
kefrin_t_affect_fe_z4,noise2,2,0,0.0
kefrin_t_affect_fe_z4,noise2,2,1,0.9191144913165713
kefrin_t_affect_fe_z4,noise2,2,2,0.5904193018026225
kefrin_t_affect_fe_z4,noise2,2,3,0.8080345418236398
kefrin_t_affect_fe_z4,noise2,2,4,0.8582692060382187
kefrin_t_affect_fe_z4,noise2,2,5,0.8705259585927403
kefrin_t_affect_fe_z4,noise2,2,6,0.8997731534539235
kefrin_t_affect_fe_z4,noise2,2,7,0.8937140113949759
kefrin_t_affect_fe_z4,noise2,2,8,0.9013863493527712
kefrin_t_affect_fe_z4,noise2,2,9,0.8850009719368707
kefrin_t_affect_fe_z4,noise2,2,10,0.8722385542723036
kefrin_t_affect_fe_z4,noise2,2,11,0.8578800868639985
kefrin_t_affect_fe_z2.5,noise2,2,0,0.0
kefrin_t_affect_fe_z2.5,noise2,2,1,0.9191144913165713
kefrin_t_affect_fe_z2.5,noise2,2,2,0.6041185979781311
kefrin_t_affect_fe_z2.5,noise2,2,3,0.8215389432993239
kefrin_t_affect_fe_z2.5,noise2,2,4,0.861441719077049
kefrin_t_affect_fe_z2.5,noise2,2,5,0.8820604449648812
kefrin_t_affect_fe_z2.5,noise2,2,6,0.8976661282799658
kefrin_t_affect_fe_z2.5,noise2,2,7,0.8949016020011693
kefrin_t_affect_fe_z2.5,noise2,2,8,0.9075450806797652
kefrin_t_affect_fe_z2.5,noise2,2,9,0.8995073514699885
kefrin_t_affect_fe_z2.5,noise2,2,10,0.8854289879742975
kefrin_t_affect_fe_z2.5,noise2,2,11,0.8761300368118071
kefrin_t_affect_fe_z2.5_2pass,noise2,2,0,0.0
kefrin_t_affect_fe_z2.5_2pass,noise2,2,1,0.9131999161677733
kefrin_t_affect_fe_z2.5_2pass,noise2,2,2,0.6114049730820716
kefrin_t_affect_fe_z2.5_2pass,noise2,2,3,0.820146359520512
kefrin_t_affect_fe_z2.5_2pass,noise2,2,4,0.8618134489129907
kefrin_t_affect_fe_z2.5_2pass,noise2,2,5,0.8819747947372406
kefrin_t_affect_fe_z2.5_2pass,noise2,2,6,0.8994510775884397
kefrin_t_affect_fe_z2.5_2pass,noise2,2,7,0.8956027055599415
kefrin_t_affect_fe_z2.5_2pass,noise2,2,8,0.9080113721960932
kefrin_t_affect_fe_z2.5_2pass,noise2,2,9,0.8982068120895667
kefrin_t_affect_fe_z2.5_2pass,noise2,2,10,0.8843014212520742
kefrin_t_affect_fe_z2.5_2pass,noise2,2,11,0.8744941012147159
kefrin_t_affect_fe_z2.5_ma3,noise2,2,0,0.0
kefrin_t_affect_fe_z2.5_ma3,noise2,2,1,0.95
kefrin_t_affect_fe_z2.5_ma3,noise2,2,2,0.7703640541587918
kefrin_t_affect_fe_z2.5_ma3,noise2,2,3,0.8100280416215658
kefrin_t_affect_fe_z2.5_ma3,noise2,2,4,0.852140751622371
kefrin_t_affect_fe_z2.5_ma3,noise2,2,5,0.8752881683354302
kefrin_t_affect_fe_z2.5_ma3,noise2,2,6,0.8753942324621122
kefrin_t_affect_fe_z2.5_ma3,noise2,2,7,0.8821361141767646
kefrin_t_affect_fe_z2.5_ma3,noise2,2,8,0.8704345159386521
kefrin_t_affect_fe_z2.5_ma3,noise2,2,9,0.883345572057129
kefrin_t_affect_fe_z2.5_ma3,noise2,2,10,0.889431319333715
kefrin_t_affect_fe_z2.5_ma3,noise2,2,11,0.9091608743183028
kefrin_t_affect_fe_z2.5_2pass_ma3,noise2,2,0,0.0
kefrin_t_affect_fe_z2.5_2pass_ma3,noise2,2,1,0.95
kefrin_t_affect_fe_z2.5_2pass_ma3,noise2,2,2,0.7703640541587918
kefrin_t_affect_fe_z2.5_2pass_ma3,noise2,2,3,0.8100280416215658
kefrin_t_affect_fe_z2.5_2pass_ma3,noise2,2,4,0.852140751622371
kefrin_t_affect_fe_z2.5_2pass_ma3,noise2,2,5,0.8752881683354302
kefrin_t_affect_fe_z2.5_2pass_ma3,noise2,2,6,0.8753942324621122
kefrin_t_affect_fe_z2.5_2pass_ma3,noise2,2,7,0.8821361141767646
kefrin_t_affect_fe_z2.5_2pass_ma3,noise2,2,8,0.8704345159386521
kefrin_t_affect_fe_z2.5_2pass_ma3,noise2,2,9,0.883345572057129
kefrin_t_affect_fe_z2.5_2pass_ma3,noise2,2,10,0.889431319333715
kefrin_t_affect_fe_z2.5_2pass_ma3,noise2,2,11,0.9091608743183028
kefrin_t_affect,noise2,3,0,0.0
kefrin_t_affect,noise2,3,1,0.4865205671095373
kefrin_t_affect,noise2,3,2,0.620745222454949
kefrin_t_affect,noise2,3,3,0.6724663466997195
kefrin_t_affect,noise2,3,4,0.7098903659357815
kefrin_t_affect,noise2,3,5,0.7347976748307847
kefrin_t_affect,noise2,3,6,0.7681595441861448
kefrin_t_affect,noise2,3,7,0.7430995508625435
kefrin_t_affect,noise2,3,8,0.7144925287735048
kefrin_t_affect,noise2,3,9,0.7182631474114857
kefrin_t_affect,noise2,3,10,0.7274000181157104
kefrin_t_affect,noise2,3,11,0.7392330363678118
kefrin_t_affect_fe_noreset,noise2,3,0,0.0
kefrin_t_affect_fe_noreset,noise2,3,1,0.939221643672554
kefrin_t_affect_fe_noreset,noise2,3,2,0.6111843200275986
kefrin_t_affect_fe_noreset,noise2,3,3,0.804488904035281
kefrin_t_affect_fe_noreset,noise2,3,4,0.8748091723457347
kefrin_t_affect_fe_noreset,noise2,3,5,0.877128199041781
kefrin_t_affect_fe_noreset,noise2,3,6,0.8922649656083845
kefrin_t_affect_fe_noreset,noise2,3,7,0.9013636418013208
kefrin_t_affect_fe_noreset,noise2,3,8,0.9080534048733463
kefrin_t_affect_fe_noreset,noise2,3,9,0.907708044426057
kefrin_t_affect_fe_noreset,noise2,3,10,0.8913660546697545
kefrin_t_affect_fe_noreset,noise2,3,11,0.7865553156757945
kefrin_t_affect_fe_z4,noise2,3,0,0.0
kefrin_t_affect_fe_z4,noise2,3,1,0.939221643672554
kefrin_t_affect_fe_z4,noise2,3,2,0.6130203748113021
kefrin_t_affect_fe_z4,noise2,3,3,0.8043027880963931
kefrin_t_affect_fe_z4,noise2,3,4,0.8760005107842205
kefrin_t_affect_fe_z4,noise2,3,5,0.8819552721579795
kefrin_t_affect_fe_z4,noise2,3,6,0.8982778965415777
kefrin_t_affect_fe_z4,noise2,3,7,0.9078067392558892
kefrin_t_affect_fe_z4,noise2,3,8,0.9133171028090018
kefrin_t_affect_fe_z4,noise2,3,9,0.90936872687889
kefrin_t_affect_fe_z4,noise2,3,10,0.8973436388511032
kefrin_t_affect_fe_z4,noise2,3,11,0.8282220344280086
kefrin_t_affect_fe_z2.5,noise2,3,0,0.0
kefrin_t_affect_fe_z2.5,noise2,3,1,0.939221643672554
kefrin_t_affect_fe_z2.5,noise2,3,2,0.6198212255742241
kefrin_t_affect_fe_z2.5,noise2,3,3,0.8205263054839723
kefrin_t_affect_fe_z2.5,noise2,3,4,0.874477721567351
kefrin_t_affect_fe_z2.5,noise2,3,5,0.8885871633369489
kefrin_t_affect_fe_z2.5,noise2,3,6,0.8998727279051697
kefrin_t_affect_fe_z2.5,noise2,3,7,0.9123009254871999
kefrin_t_affect_fe_z2.5,noise2,3,8,0.9082801665386718
kefrin_t_affect_fe_z2.5,noise2,3,9,0.9082057979694634
kefrin_t_affect_fe_z2.5,noise2,3,10,0.9037097762797069
kefrin_t_affect_fe_z2.5,noise2,3,11,0.8992586659918742
kefrin_t_affect_fe_z2.5_2pass,noise2,3,0,0.0
kefrin_t_affect_fe_z2.5_2pass,noise2,3,1,0.9328356530233486
kefrin_t_affect_fe_z2.5_2pass,noise2,3,2,0.6279812558185762
kefrin_t_affect_fe_z2.5_2pass,noise2,3,3,0.8241503663878116
kefrin_t_affect_fe_z2.5_2pass,noise2,3,4,0.8738127478059282
kefrin_t_affect_fe_z2.5_2pass,noise2,3,5,0.8891040437096979
kefrin_t_affect_fe_z2.5_2pass,noise2,3,6,0.8998870527978661
kefrin_t_affect_fe_z2.5_2pass,noise2,3,7,0.9124920980626018
kefrin_t_affect_fe_z2.5_2pass,noise2,3,8,0.9066184957928367
kefrin_t_affect_fe_z2.5_2pass,noise2,3,9,0.9085687083423059
kefrin_t_affect_fe_z2.5_2pass,noise2,3,10,0.9047309079062544
kefrin_t_affect_fe_z2.5_2pass,noise2,3,11,0.8999066955563984
kefrin_t_affect_fe_z2.5_ma3,noise2,3,0,0.0
kefrin_t_affect_fe_z2.5_ma3,noise2,3,1,0.95
kefrin_t_affect_fe_z2.5_ma3,noise2,3,2,0.6944303352580616
kefrin_t_affect_fe_z2.5_ma3,noise2,3,3,0.8950859677597135
kefrin_t_affect_fe_z2.5_ma3,noise2,3,4,0.8256953397238042
kefrin_t_affect_fe_z2.5_ma3,noise2,3,5,0.8662976860617877
kefrin_t_affect_fe_z2.5_ma3,noise2,3,6,0.8913875138364727
kefrin_t_affect_fe_z2.5_ma3,noise2,3,7,0.8421539452055943
kefrin_t_affect_fe_z2.5_ma3,noise2,3,8,0.8169775355310418
kefrin_t_affect_fe_z2.5_ma3,noise2,3,9,0.8679197715162965
kefrin_t_affect_fe_z2.5_ma3,noise2,3,10,0.8593506568592882
kefrin_t_affect_fe_z2.5_ma3,noise2,3,11,0.9170125440798137
kefrin_t_affect_fe_z2.5_2pass_ma3,noise2,3,0,0.0
kefrin_t_affect_fe_z2.5_2pass_ma3,noise2,3,1,0.8118232590413834
kefrin_t_affect_fe_z2.5_2pass_ma3,noise2,3,2,0.8382348681357817
kefrin_t_affect_fe_z2.5_2pass_ma3,noise2,3,3,0.8381739253696107
kefrin_t_affect_fe_z2.5_2pass_ma3,noise2,3,4,0.8296137698909546
kefrin_t_affect_fe_z2.5_2pass_ma3,noise2,3,5,0.8637513042616043
kefrin_t_affect_fe_z2.5_2pass_ma3,noise2,3,6,0.8944587573642383
kefrin_t_affect_fe_z2.5_2pass_ma3,noise2,3,7,0.8443669341455579
kefrin_t_affect_fe_z2.5_2pass_ma3,noise2,3,8,0.8191218477193983
kefrin_t_affect_fe_z2.5_2pass_ma3,noise2,3,9,0.8732372675253668
kefrin_t_affect_fe_z2.5_2pass_ma3,noise2,3,10,0.8714547769623229
kefrin_t_affect_fe_z2.5_2pass_ma3,noise2,3,11,0.9186980076710435
kefrin_t_affect,noise2,4,0,0.0
kefrin_t_affect,noise2,4,1,0.5017770401649634
kefrin_t_affect,noise2,4,2,0.6155747331379506
kefrin_t_affect,noise2,4,3,0.670891241135348
kefrin_t_affect,noise2,4,4,0.7097903432757996
kefrin_t_affect,noise2,4,5,0.7292198262766629
kefrin_t_affect,noise2,4,6,0.7546988720717247
kefrin_t_affect,noise2,4,7,0.7509336497173343
kefrin_t_affect,noise2,4,8,0.7356785585881904
kefrin_t_affect,noise2,4,9,0.7477766899072521
kefrin_t_affect,noise2,4,10,0.7326227667109491
kefrin_t_affect,noise2,4,11,0.7506502691246999
kefrin_t_affect_fe_noreset,noise2,4,0,0.0
kefrin_t_affect_fe_noreset,noise2,4,1,0.9306027100711127
kefrin_t_affect_fe_noreset,noise2,4,2,0.5568931666272015
kefrin_t_affect_fe_noreset,noise2,4,3,0.7653440003670606
kefrin_t_affect_fe_noreset,noise2,4,4,0.830453502464203
kefrin_t_affect_fe_noreset,noise2,4,5,0.8640024789909239
kefrin_t_affect_fe_noreset,noise2,4,6,0.8964856914263531
kefrin_t_affect_fe_noreset,noise2,4,7,0.8921973343850488
kefrin_t_affect_fe_noreset,noise2,4,8,0.9090604929218129
kefrin_t_affect_fe_noreset,noise2,4,9,0.9102651855595042
kefrin_t_affect_fe_noreset,noise2,4,10,0.9077778149852225
kefrin_t_affect_fe_noreset,noise2,4,11,0.9008971228834733
kefrin_t_affect_fe_z4,noise2,4,0,0.0
kefrin_t_affect_fe_z4,noise2,4,1,0.9306027100711127
kefrin_t_affect_fe_z4,noise2,4,2,0.5568931666272015
kefrin_t_affect_fe_z4,noise2,4,3,0.7653440003670606
kefrin_t_affect_fe_z4,noise2,4,4,0.830453502464203
kefrin_t_affect_fe_z4,noise2,4,5,0.8640024789909239
kefrin_t_affect_fe_z4,noise2,4,6,0.8969599268795995
kefrin_t_affect_fe_z4,noise2,4,7,0.8936626979265194
kefrin_t_affect_fe_z4,noise2,4,8,0.909857666672334
kefrin_t_affect_fe_z4,noise2,4,9,0.9115655423665713
kefrin_t_affect_fe_z4,noise2,4,10,0.9097211027890368
kefrin_t_affect_fe_z4,noise2,4,11,0.9035838655530951
kefrin_t_affect_fe_z2.5,noise2,4,0,0.0
kefrin_t_affect_fe_z2.5,noise2,4,1,0.9306027100711127
kefrin_t_affect_fe_z2.5,noise2,4,2,0.5630415412321121
kefrin_t_affect_fe_z2.5,noise2,4,3,0.7756807791275638
kefrin_t_affect_fe_z2.5,noise2,4,4,0.8370653402459638
kefrin_t_affect_fe_z2.5,noise2,4,5,0.8685603453911821
kefrin_t_affect_fe_z2.5,noise2,4,6,0.8935324437845332
kefrin_t_affect_fe_z2.5,noise2,4,7,0.89623545165965
kefrin_t_affect_fe_z2.5,noise2,4,8,0.9023460972862983
kefrin_t_affect_fe_z2.5,noise2,4,9,0.9067701126026275
kefrin_t_affect_fe_z2.5,noise2,4,10,0.8907430039771334
kefrin_t_affect_fe_z2.5,noise2,4,11,0.8814871285029611
kefrin_t_affect_fe_z2.5_2pass,noise2,4,0,0.0
kefrin_t_affect_fe_z2.5_2pass,noise2,4,1,0.9354443389485696
kefrin_t_affect_fe_z2.5_2pass,noise2,4,2,0.558378250411216
kefrin_t_affect_fe_z2.5_2pass,noise2,4,3,0.7747917646472399
kefrin_t_affect_fe_z2.5_2pass,noise2,4,4,0.8360968441754079
kefrin_t_affect_fe_z2.5_2pass,noise2,4,5,0.8684954980449138
kefrin_t_affect_fe_z2.5_2pass,noise2,4,6,0.8935856255329366
kefrin_t_affect_fe_z2.5_2pass,noise2,4,7,0.8962293154970163
kefrin_t_affect_fe_z2.5_2pass,noise2,4,8,0.9027046423789269
kefrin_t_affect_fe_z2.5_2pass,noise2,4,9,0.9062538772445141
kefrin_t_affect_fe_z2.5_2pass,noise2,4,10,0.8892570042216421
kefrin_t_affect_fe_z2.5_2pass,noise2,4,11,0.8796248594269706
kefrin_t_affect_fe_z2.5_ma3,noise2,4,0,0.0
kefrin_t_affect_fe_z2.5_ma3,noise2,4,1,0.7152110475183959
kefrin_t_affect_fe_z2.5_ma3,noise2,4,2,0.8536349263803218
kefrin_t_affect_fe_z2.5_ma3,noise2,4,3,0.8385916162070444
kefrin_t_affect_fe_z2.5_ma3,noise2,4,4,0.8199707092047404
kefrin_t_affect_fe_z2.5_ma3,noise2,4,5,0.8634409587641981
kefrin_t_affect_fe_z2.5_ma3,noise2,4,6,0.8706708512803526
kefrin_t_affect_fe_z2.5_ma3,noise2,4,7,0.8732286537793462
kefrin_t_affect_fe_z2.5_ma3,noise2,4,8,0.878314764900373
kefrin_t_affect_fe_z2.5_ma3,noise2,4,9,0.8811558386340854
kefrin_t_affect_fe_z2.5_ma3,noise2,4,10,0.8786762122640072
kefrin_t_affect_fe_z2.5_ma3,noise2,4,11,0.8731271971335501
kefrin_t_affect_fe_z2.5_2pass_ma3,noise2,4,0,0.0
kefrin_t_affect_fe_z2.5_2pass_ma3,noise2,4,1,0.7002345414989029
kefrin_t_affect_fe_z2.5_2pass_ma3,noise2,4,2,0.9003941692861593
kefrin_t_affect_fe_z2.5_2pass_ma3,noise2,4,3,0.8086103451268385
kefrin_t_affect_fe_z2.5_2pass_ma3,noise2,4,4,0.8136503610954251
kefrin_t_affect_fe_z2.5_2pass_ma3,noise2,4,5,0.8650253405377198
kefrin_t_affect_fe_z2.5_2pass_ma3,noise2,4,6,0.8674945731536332
kefrin_t_affect_fe_z2.5_2pass_ma3,noise2,4,7,0.8707001162180737
kefrin_t_affect_fe_z2.5_2pass_ma3,noise2,4,8,0.8811053086639292
kefrin_t_affect_fe_z2.5_2pass_ma3,noise2,4,9,0.8823933281855393
kefrin_t_affect_fe_z2.5_2pass_ma3,noise2,4,10,0.8790975006357256
kefrin_t_affect_fe_z2.5_2pass_ma3,noise2,4,11,0.8700797836207447
kefrin_t_affect,calibrated,0,0,0.0
kefrin_t_affect,calibrated,0,1,0.49905653427076685
kefrin_t_affect,calibrated,0,2,0.5195595646035529
kefrin_t_affect,calibrated,0,3,0.5269516342767334
kefrin_t_affect,calibrated,0,4,0.5303736821185183
kefrin_t_affect,calibrated,0,5,0.5239001095722795
kefrin_t_affect,calibrated,0,6,0.5312859486999815
kefrin_t_affect,calibrated,0,7,0.5233509904520082
kefrin_t_affect,calibrated,0,8,0.5228155140105343
kefrin_t_affect,calibrated,0,9,0.5228266740069262
kefrin_t_affect,calibrated,0,10,0.5276971576405385
kefrin_t_affect,calibrated,0,11,0.535593237403148
kefrin_t_affect_fe_noreset,calibrated,0,0,0.0
kefrin_t_affect_fe_noreset,calibrated,0,1,0.8506437787429465
kefrin_t_affect_fe_noreset,calibrated,0,2,0.5475219032357556
kefrin_t_affect_fe_noreset,calibrated,0,3,0.6210793092208531
kefrin_t_affect_fe_noreset,calibrated,0,4,0.7404772920667789
kefrin_t_affect_fe_noreset,calibrated,0,5,0.8219696521359284
kefrin_t_affect_fe_noreset,calibrated,0,6,0.7879868345998706
kefrin_t_affect_fe_noreset,calibrated,0,7,0.5672930095020138
kefrin_t_affect_fe_noreset,calibrated,0,8,0.4796380206501083
kefrin_t_affect_fe_noreset,calibrated,0,9,0.5873542746354439
kefrin_t_affect_fe_noreset,calibrated,0,10,0.6903527396447252
kefrin_t_affect_fe_noreset,calibrated,0,11,0.7616022401557085
kefrin_t_affect_fe_z4,calibrated,0,0,0.0
kefrin_t_affect_fe_z4,calibrated,0,1,0.8506437787429465
kefrin_t_affect_fe_z4,calibrated,0,2,0.6235481524476497
kefrin_t_affect_fe_z4,calibrated,0,3,0.6936703718833658
kefrin_t_affect_fe_z4,calibrated,0,4,0.8675654332332716
kefrin_t_affect_fe_z4,calibrated,0,5,0.921061868465727
kefrin_t_affect_fe_z4,calibrated,0,6,0.8261600559440404
kefrin_t_affect_fe_z4,calibrated,0,7,0.8338607764689636
kefrin_t_affect_fe_z4,calibrated,0,8,0.8465880301094633
kefrin_t_affect_fe_z4,calibrated,0,9,0.8786905576338797
kefrin_t_affect_fe_z4,calibrated,0,10,0.8755951133415759
kefrin_t_affect_fe_z4,calibrated,0,11,0.8945251095945488
kefrin_t_affect_fe_z2.5,calibrated,0,0,0.0
kefrin_t_affect_fe_z2.5,calibrated,0,1,0.8506437787429465
kefrin_t_affect_fe_z2.5,calibrated,0,2,0.6701504238440166
kefrin_t_affect_fe_z2.5,calibrated,0,3,0.7309575440308692
kefrin_t_affect_fe_z2.5,calibrated,0,4,0.8727220848998558
kefrin_t_affect_fe_z2.5,calibrated,0,5,0.9169075636286447
kefrin_t_affect_fe_z2.5,calibrated,0,6,0.8043763304989298
kefrin_t_affect_fe_z2.5,calibrated,0,7,0.8442848240412014
kefrin_t_affect_fe_z2.5,calibrated,0,8,0.856032113449178
kefrin_t_affect_fe_z2.5,calibrated,0,9,0.8317825598600095
kefrin_t_affect_fe_z2.5,calibrated,0,10,0.8703716633565795
kefrin_t_affect_fe_z2.5,calibrated,0,11,0.9208629531963161
kefrin_t_affect_fe_z2.5_2pass,calibrated,0,0,0.0
kefrin_t_affect_fe_z2.5_2pass,calibrated,0,1,0.7934438946702604
kefrin_t_affect_fe_z2.5_2pass,calibrated,0,2,0.7071457254276146
kefrin_t_affect_fe_z2.5_2pass,calibrated,0,3,0.7296403541084328
kefrin_t_affect_fe_z2.5_2pass,calibrated,0,4,0.9002743216463526
kefrin_t_affect_fe_z2.5_2pass,calibrated,0,5,0.9140606120532341
kefrin_t_affect_fe_z2.5_2pass,calibrated,0,6,0.807961605805869
kefrin_t_affect_fe_z2.5_2pass,calibrated,0,7,0.8614499874263206
kefrin_t_affect_fe_z2.5_2pass,calibrated,0,8,0.8535618460995461
kefrin_t_affect_fe_z2.5_2pass,calibrated,0,9,0.7976857931840822
kefrin_t_affect_fe_z2.5_2pass,calibrated,0,10,0.8723825919598679
kefrin_t_affect_fe_z2.5_2pass,calibrated,0,11,0.9265230803642702
kefrin_t_affect_fe_z2.5_ma3,calibrated,0,0,0.0
kefrin_t_affect_fe_z2.5_ma3,calibrated,0,1,0.5227699453180269
kefrin_t_affect_fe_z2.5_ma3,calibrated,0,2,0.5940684778801221
kefrin_t_affect_fe_z2.5_ma3,calibrated,0,3,0.5585185554077852
kefrin_t_affect_fe_z2.5_ma3,calibrated,0,4,0.6507228696543825
kefrin_t_affect_fe_z2.5_ma3,calibrated,0,5,0.6277111890209087
kefrin_t_affect_fe_z2.5_ma3,calibrated,0,6,0.5518024666390672
kefrin_t_affect_fe_z2.5_ma3,calibrated,0,7,0.3883915602197523
kefrin_t_affect_fe_z2.5_ma3,calibrated,0,8,0.49544182814987264
kefrin_t_affect_fe_z2.5_ma3,calibrated,0,9,0.6073802994389392
kefrin_t_affect_fe_z2.5_ma3,calibrated,0,10,0.6010353770851925
kefrin_t_affect_fe_z2.5_ma3,calibrated,0,11,0.684971887381693
kefrin_t_affect_fe_z2.5_2pass_ma3,calibrated,0,0,0.0
kefrin_t_affect_fe_z2.5_2pass_ma3,calibrated,0,1,0.4462112789819707
kefrin_t_affect_fe_z2.5_2pass_ma3,calibrated,0,2,0.5616420763801946
kefrin_t_affect_fe_z2.5_2pass_ma3,calibrated,0,3,0.6053038380486832
kefrin_t_affect_fe_z2.5_2pass_ma3,calibrated,0,4,0.7645405093338692
kefrin_t_affect_fe_z2.5_2pass_ma3,calibrated,0,5,0.6393321098342002
kefrin_t_affect_fe_z2.5_2pass_ma3,calibrated,0,6,0.5897936417446993
kefrin_t_affect_fe_z2.5_2pass_ma3,calibrated,0,7,0.3942245168168626
kefrin_t_affect_fe_z2.5_2pass_ma3,calibrated,0,8,0.47020646390415255
kefrin_t_affect_fe_z2.5_2pass_ma3,calibrated,0,9,0.6181196026512485
kefrin_t_affect_fe_z2.5_2pass_ma3,calibrated,0,10,0.5796471706687419
kefrin_t_affect_fe_z2.5_2pass_ma3,calibrated,0,11,0.7099935447742219
kefrin_t_affect,calibrated,1,0,0.0
kefrin_t_affect,calibrated,1,1,0.5000083245758672
kefrin_t_affect,calibrated,1,2,0.5054434282005715
kefrin_t_affect,calibrated,1,3,0.5270120044361584
kefrin_t_affect,calibrated,1,4,0.5307068506182351
kefrin_t_affect,calibrated,1,5,0.5347410522322287
kefrin_t_affect,calibrated,1,6,0.533429764002477
kefrin_t_affect,calibrated,1,7,0.5219658461332563
kefrin_t_affect,calibrated,1,8,0.5271497539522125
kefrin_t_affect,calibrated,1,9,0.5256810040717541
kefrin_t_affect,calibrated,1,10,0.5216304192706969
kefrin_t_affect,calibrated,1,11,0.5249509051235447
kefrin_t_affect_fe_noreset,calibrated,1,0,0.0
kefrin_t_affect_fe_noreset,calibrated,1,1,0.9168923215378484
kefrin_t_affect_fe_noreset,calibrated,1,2,0.5317805842213937
kefrin_t_affect_fe_noreset,calibrated,1,3,0.7039255910050918
kefrin_t_affect_fe_noreset,calibrated,1,4,0.7798170442895216
kefrin_t_affect_fe_noreset,calibrated,1,5,0.8209167780471747
kefrin_t_affect_fe_noreset,calibrated,1,6,0.8568708230091499
kefrin_t_affect_fe_noreset,calibrated,1,7,0.6966723142843609
kefrin_t_affect_fe_noreset,calibrated,1,8,0.5464719870695642
kefrin_t_affect_fe_noreset,calibrated,1,9,0.560579026619473
kefrin_t_affect_fe_noreset,calibrated,1,10,0.6023673658375189
kefrin_t_affect_fe_noreset,calibrated,1,11,0.7241942928637404
kefrin_t_affect_fe_z4,calibrated,1,0,0.0
kefrin_t_affect_fe_z4,calibrated,1,1,0.9168923215378484
kefrin_t_affect_fe_z4,calibrated,1,2,0.5381139022769836
kefrin_t_affect_fe_z4,calibrated,1,3,0.7637763946725672
kefrin_t_affect_fe_z4,calibrated,1,4,0.8661287893026121
kefrin_t_affect_fe_z4,calibrated,1,5,0.8954096734683391
kefrin_t_affect_fe_z4,calibrated,1,6,0.8758585215639233
kefrin_t_affect_fe_z4,calibrated,1,7,0.8283733216243806
kefrin_t_affect_fe_z4,calibrated,1,8,0.8145988160020259
kefrin_t_affect_fe_z4,calibrated,1,9,0.8392399247093687
kefrin_t_affect_fe_z4,calibrated,1,10,0.8310124139723307
kefrin_t_affect_fe_z4,calibrated,1,11,0.8921511542503124
kefrin_t_affect_fe_z2.5,calibrated,1,0,0.0
kefrin_t_affect_fe_z2.5,calibrated,1,1,0.9168923215378484
kefrin_t_affect_fe_z2.5,calibrated,1,2,0.5672259872778606
kefrin_t_affect_fe_z2.5,calibrated,1,3,0.7692242753994649
kefrin_t_affect_fe_z2.5,calibrated,1,4,0.8776788406967535
kefrin_t_affect_fe_z2.5,calibrated,1,5,0.9045816386896524
kefrin_t_affect_fe_z2.5,calibrated,1,6,0.8740609294738705
kefrin_t_affect_fe_z2.5,calibrated,1,7,0.8457533964884526
kefrin_t_affect_fe_z2.5,calibrated,1,8,0.8593995738856477
kefrin_t_affect_fe_z2.5,calibrated,1,9,0.90064247154238
kefrin_t_affect_fe_z2.5,calibrated,1,10,0.8663228848490583
kefrin_t_affect_fe_z2.5,calibrated,1,11,0.9009262947377167
kefrin_t_affect_fe_z2.5_2pass,calibrated,1,0,0.0
kefrin_t_affect_fe_z2.5_2pass,calibrated,1,1,0.8818220424004473
kefrin_t_affect_fe_z2.5_2pass,calibrated,1,2,0.5925182016975389
kefrin_t_affect_fe_z2.5_2pass,calibrated,1,3,0.7835907603109132
kefrin_t_affect_fe_z2.5_2pass,calibrated,1,4,0.8837839164309736
kefrin_t_affect_fe_z2.5_2pass,calibrated,1,5,0.9056392471663238
kefrin_t_affect_fe_z2.5_2pass,calibrated,1,6,0.8765422225958638
kefrin_t_affect_fe_z2.5_2pass,calibrated,1,7,0.8404200371735008
kefrin_t_affect_fe_z2.5_2pass,calibrated,1,8,0.858905964205439
kefrin_t_affect_fe_z2.5_2pass,calibrated,1,9,0.8998592783993175
kefrin_t_affect_fe_z2.5_2pass,calibrated,1,10,0.8822232881319662
kefrin_t_affect_fe_z2.5_2pass,calibrated,1,11,0.8985716453111477
kefrin_t_affect_fe_z2.5_ma3,calibrated,1,0,0.0
kefrin_t_affect_fe_z2.5_ma3,calibrated,1,1,0.3868095518866461
kefrin_t_affect_fe_z2.5_ma3,calibrated,1,2,0.46663019606724326
kefrin_t_affect_fe_z2.5_ma3,calibrated,1,3,0.6972049487675476
kefrin_t_affect_fe_z2.5_ma3,calibrated,1,4,0.8497955935542063
kefrin_t_affect_fe_z2.5_ma3,calibrated,1,5,0.9162096091271444
kefrin_t_affect_fe_z2.5_ma3,calibrated,1,6,0.7299667183963787
kefrin_t_affect_fe_z2.5_ma3,calibrated,1,7,0.37312681066330017
kefrin_t_affect_fe_z2.5_ma3,calibrated,1,8,0.5357249597071889
kefrin_t_affect_fe_z2.5_ma3,calibrated,1,9,0.5759069170433707
kefrin_t_affect_fe_z2.5_ma3,calibrated,1,10,0.5881152571521466
kefrin_t_affect_fe_z2.5_ma3,calibrated,1,11,0.6709374006227987
kefrin_t_affect_fe_z2.5_2pass_ma3,calibrated,1,0,0.0
kefrin_t_affect_fe_z2.5_2pass_ma3,calibrated,1,1,0.3002210278124666
kefrin_t_affect_fe_z2.5_2pass_ma3,calibrated,1,2,0.4860121509248022
kefrin_t_affect_fe_z2.5_2pass_ma3,calibrated,1,3,0.6667270938846641
kefrin_t_affect_fe_z2.5_2pass_ma3,calibrated,1,4,0.8441178656884882
kefrin_t_affect_fe_z2.5_2pass_ma3,calibrated,1,5,0.9132342842130273
kefrin_t_affect_fe_z2.5_2pass_ma3,calibrated,1,6,0.729124562939409
kefrin_t_affect_fe_z2.5_2pass_ma3,calibrated,1,7,0.36848382460155876
kefrin_t_affect_fe_z2.5_2pass_ma3,calibrated,1,8,0.5350387650439394
kefrin_t_affect_fe_z2.5_2pass_ma3,calibrated,1,9,0.5749767787265662
kefrin_t_affect_fe_z2.5_2pass_ma3,calibrated,1,10,0.5876750398189158
kefrin_t_affect_fe_z2.5_2pass_ma3,calibrated,1,11,0.6704703599467183
kefrin_t_affect,calibrated,2,0,0.0
kefrin_t_affect,calibrated,2,1,0.4998376185057568
kefrin_t_affect,calibrated,2,2,0.5106335843806955
kefrin_t_affect,calibrated,2,3,0.5300018899752662
kefrin_t_affect,calibrated,2,4,0.5233856105049265
kefrin_t_affect,calibrated,2,5,0.5222691793189029
kefrin_t_affect,calibrated,2,6,0.5432073000008899
kefrin_t_affect,calibrated,2,7,0.5047888036008128
kefrin_t_affect,calibrated,2,8,0.5240928953946488
kefrin_t_affect,calibrated,2,9,0.5305629244569784
kefrin_t_affect,calibrated,2,10,0.529387190813114
kefrin_t_affect,calibrated,2,11,0.5233500780340841
kefrin_t_affect_fe_noreset,calibrated,2,0,0.0
kefrin_t_affect_fe_noreset,calibrated,2,1,0.9035533820570067
kefrin_t_affect_fe_noreset,calibrated,2,2,0.5327722193589887
kefrin_t_affect_fe_noreset,calibrated,2,3,0.7391767638543363
kefrin_t_affect_fe_noreset,calibrated,2,4,0.7150819612083563
kefrin_t_affect_fe_noreset,calibrated,2,5,0.7827355860098334
kefrin_t_affect_fe_noreset,calibrated,2,6,0.8003010980369701
kefrin_t_affect_fe_noreset,calibrated,2,7,0.5200708612837872
kefrin_t_affect_fe_noreset,calibrated,2,8,0.5190325790594602
kefrin_t_affect_fe_noreset,calibrated,2,9,0.6749886033713504
kefrin_t_affect_fe_noreset,calibrated,2,10,0.6893143796680591
kefrin_t_affect_fe_noreset,calibrated,2,11,0.7247777128039935
kefrin_t_affect_fe_z4,calibrated,2,0,0.0
kefrin_t_affect_fe_z4,calibrated,2,1,0.9035533820570067
kefrin_t_affect_fe_z4,calibrated,2,2,0.635414921210826
kefrin_t_affect_fe_z4,calibrated,2,3,0.823457076993946
kefrin_t_affect_fe_z4,calibrated,2,4,0.8550430960662184
kefrin_t_affect_fe_z4,calibrated,2,5,0.8977077912158002
kefrin_t_affect_fe_z4,calibrated,2,6,0.8357368480669739
kefrin_t_affect_fe_z4,calibrated,2,7,0.8553869856360318
kefrin_t_affect_fe_z4,calibrated,2,8,0.7805512543380054
kefrin_t_affect_fe_z4,calibrated,2,9,0.8345558191825811
kefrin_t_affect_fe_z4,calibrated,2,10,0.9123355093474734
kefrin_t_affect_fe_z4,calibrated,2,11,0.8946339211811798
kefrin_t_affect_fe_z2.5,calibrated,2,0,0.0
kefrin_t_affect_fe_z2.5,calibrated,2,1,0.9035533820570067
kefrin_t_affect_fe_z2.5,calibrated,2,2,0.6492493507504659
kefrin_t_affect_fe_z2.5,calibrated,2,3,0.8116295855814963
kefrin_t_affect_fe_z2.5,calibrated,2,4,0.8607447091074926
kefrin_t_affect_fe_z2.5,calibrated,2,5,0.8867540989077797
kefrin_t_affect_fe_z2.5,calibrated,2,6,0.8134934349979653
kefrin_t_affect_fe_z2.5,calibrated,2,7,0.8909103121109702
kefrin_t_affect_fe_z2.5,calibrated,2,8,0.8669353227794568
kefrin_t_affect_fe_z2.5,calibrated,2,9,0.8547952335632594
kefrin_t_affect_fe_z2.5,calibrated,2,10,0.8974631928382198
kefrin_t_affect_fe_z2.5,calibrated,2,11,0.9055790620726621
kefrin_t_affect_fe_z2.5_2pass,calibrated,2,0,0.0
kefrin_t_affect_fe_z2.5_2pass,calibrated,2,1,0.8889361441717704
kefrin_t_affect_fe_z2.5_2pass,calibrated,2,2,0.6926868547585486
kefrin_t_affect_fe_z2.5_2pass,calibrated,2,3,0.8055297776556762
kefrin_t_affect_fe_z2.5_2pass,calibrated,2,4,0.8567325438495936
kefrin_t_affect_fe_z2.5_2pass,calibrated,2,5,0.8688763215076128
kefrin_t_affect_fe_z2.5_2pass,calibrated,2,6,0.8157624029681637
kefrin_t_affect_fe_z2.5_2pass,calibrated,2,7,0.8927651580668909
kefrin_t_affect_fe_z2.5_2pass,calibrated,2,8,0.8990305634579777
kefrin_t_affect_fe_z2.5_2pass,calibrated,2,9,0.8474998546630373
kefrin_t_affect_fe_z2.5_2pass,calibrated,2,10,0.9091051643419839
kefrin_t_affect_fe_z2.5_2pass,calibrated,2,11,0.9184793894659617
kefrin_t_affect_fe_z2.5_ma3,calibrated,2,0,0.0
kefrin_t_affect_fe_z2.5_ma3,calibrated,2,1,0.8207608288319201
kefrin_t_affect_fe_z2.5_ma3,calibrated,2,2,0.4886482981417873
kefrin_t_affect_fe_z2.5_ma3,calibrated,2,3,0.6178769117622649
kefrin_t_affect_fe_z2.5_ma3,calibrated,2,4,0.7965950725586387
kefrin_t_affect_fe_z2.5_ma3,calibrated,2,5,0.8991176803518232
kefrin_t_affect_fe_z2.5_ma3,calibrated,2,6,0.8976403411108862
kefrin_t_affect_fe_z2.5_ma3,calibrated,2,7,0.4279269388627403
kefrin_t_affect_fe_z2.5_ma3,calibrated,2,8,0.5848613886662046
kefrin_t_affect_fe_z2.5_ma3,calibrated,2,9,0.6779268461486923
kefrin_t_affect_fe_z2.5_ma3,calibrated,2,10,0.7847711264877787
kefrin_t_affect_fe_z2.5_ma3,calibrated,2,11,0.8620230057196732
kefrin_t_affect_fe_z2.5_2pass_ma3,calibrated,2,0,0.0
kefrin_t_affect_fe_z2.5_2pass_ma3,calibrated,2,1,0.682466317751404
kefrin_t_affect_fe_z2.5_2pass_ma3,calibrated,2,2,0.5771668531643541
kefrin_t_affect_fe_z2.5_2pass_ma3,calibrated,2,3,0.6488059326169763
kefrin_t_affect_fe_z2.5_2pass_ma3,calibrated,2,4,0.7614943872623979
kefrin_t_affect_fe_z2.5_2pass_ma3,calibrated,2,5,0.9018874897483763
kefrin_t_affect_fe_z2.5_2pass_ma3,calibrated,2,6,0.8382593069953733
kefrin_t_affect_fe_z2.5_2pass_ma3,calibrated,2,7,0.40866264919308604
kefrin_t_affect_fe_z2.5_2pass_ma3,calibrated,2,8,0.6293593157482523
kefrin_t_affect_fe_z2.5_2pass_ma3,calibrated,2,9,0.6132290610058302
kefrin_t_affect_fe_z2.5_2pass_ma3,calibrated,2,10,0.6599546724021982
kefrin_t_affect_fe_z2.5_2pass_ma3,calibrated,2,11,0.815506661323852
kefrin_t_affect,calibrated,3,0,0.0
kefrin_t_affect,calibrated,3,1,0.4950823185651685
kefrin_t_affect,calibrated,3,2,0.5201502469043288
kefrin_t_affect,calibrated,3,3,0.5193345806291525
kefrin_t_affect,calibrated,3,4,0.5303795832810362
kefrin_t_affect,calibrated,3,5,0.5294556275159998
kefrin_t_affect,calibrated,3,6,0.529784996723815
kefrin_t_affect,calibrated,3,7,0.5167404811666527
kefrin_t_affect,calibrated,3,8,0.5216128673959154
kefrin_t_affect,calibrated,3,9,0.5230144337691028
kefrin_t_affect,calibrated,3,10,0.5259451106110432
kefrin_t_affect,calibrated,3,11,0.5257923733255669
kefrin_t_affect_fe_noreset,calibrated,3,0,0.0
kefrin_t_affect_fe_noreset,calibrated,3,1,0.9356835761765739
kefrin_t_affect_fe_noreset,calibrated,3,2,0.5582914903874973
kefrin_t_affect_fe_noreset,calibrated,3,3,0.6586274845531613
kefrin_t_affect_fe_noreset,calibrated,3,4,0.7407714399704413
kefrin_t_affect_fe_noreset,calibrated,3,5,0.8516539737376979
kefrin_t_affect_fe_noreset,calibrated,3,6,0.8254283021715239
kefrin_t_affect_fe_noreset,calibrated,3,7,0.8024331457912466
kefrin_t_affect_fe_noreset,calibrated,3,8,0.3986994692874554
kefrin_t_affect_fe_noreset,calibrated,3,9,0.5872011249062602
kefrin_t_affect_fe_noreset,calibrated,3,10,0.7242516826345788
kefrin_t_affect_fe_noreset,calibrated,3,11,0.6730661145958433
kefrin_t_affect_fe_z4,calibrated,3,0,0.0
kefrin_t_affect_fe_z4,calibrated,3,1,0.9356835761765739
kefrin_t_affect_fe_z4,calibrated,3,2,0.5889910313041199
kefrin_t_affect_fe_z4,calibrated,3,3,0.74568971102906
kefrin_t_affect_fe_z4,calibrated,3,4,0.8685094756004487
kefrin_t_affect_fe_z4,calibrated,3,5,0.8966767609364718
kefrin_t_affect_fe_z4,calibrated,3,6,0.8249037241968019
kefrin_t_affect_fe_z4,calibrated,3,7,0.8795783229468774
kefrin_t_affect_fe_z4,calibrated,3,8,0.8513199713061282
kefrin_t_affect_fe_z4,calibrated,3,9,0.8482124170554263
kefrin_t_affect_fe_z4,calibrated,3,10,0.859777815017849
kefrin_t_affect_fe_z4,calibrated,3,11,0.844066666551655
kefrin_t_affect_fe_z2.5,calibrated,3,0,0.0
kefrin_t_affect_fe_z2.5,calibrated,3,1,0.9356835761765739
kefrin_t_affect_fe_z2.5,calibrated,3,2,0.5808435636097389
kefrin_t_affect_fe_z2.5,calibrated,3,3,0.7379641921498231
kefrin_t_affect_fe_z2.5,calibrated,3,4,0.8892672201684949
kefrin_t_affect_fe_z2.5,calibrated,3,5,0.9170321522076088
kefrin_t_affect_fe_z2.5,calibrated,3,6,0.8292223990245646
kefrin_t_affect_fe_z2.5,calibrated,3,7,0.8995472065170526
kefrin_t_affect_fe_z2.5,calibrated,3,8,0.8913670216079352
kefrin_t_affect_fe_z2.5,calibrated,3,9,0.8715540922873259
kefrin_t_affect_fe_z2.5,calibrated,3,10,0.8916396511285505
kefrin_t_affect_fe_z2.5,calibrated,3,11,0.9012938291799256
kefrin_t_affect_fe_z2.5_2pass,calibrated,3,0,0.0
kefrin_t_affect_fe_z2.5_2pass,calibrated,3,1,0.925523306992462
kefrin_t_affect_fe_z2.5_2pass,calibrated,3,2,0.5913081831247214
kefrin_t_affect_fe_z2.5_2pass,calibrated,3,3,0.7690936672001133
kefrin_t_affect_fe_z2.5_2pass,calibrated,3,4,0.8809870062424678
kefrin_t_affect_fe_z2.5_2pass,calibrated,3,5,0.8923065201659418
kefrin_t_affect_fe_z2.5_2pass,calibrated,3,6,0.8315224375066601
kefrin_t_affect_fe_z2.5_2pass,calibrated,3,7,0.9015399318159866
kefrin_t_affect_fe_z2.5_2pass,calibrated,3,8,0.892053142877245
kefrin_t_affect_fe_z2.5_2pass,calibrated,3,9,0.8865465504893554
kefrin_t_affect_fe_z2.5_2pass,calibrated,3,10,0.8883537134156223
kefrin_t_affect_fe_z2.5_2pass,calibrated,3,11,0.9011228066885674
kefrin_t_affect_fe_z2.5_ma3,calibrated,3,0,0.0
kefrin_t_affect_fe_z2.5_ma3,calibrated,3,1,0.7673771637892344
kefrin_t_affect_fe_z2.5_ma3,calibrated,3,2,0.42743640182090564
kefrin_t_affect_fe_z2.5_ma3,calibrated,3,3,0.5546334572043395
kefrin_t_affect_fe_z2.5_ma3,calibrated,3,4,0.7160873388628871
kefrin_t_affect_fe_z2.5_ma3,calibrated,3,5,0.800988861774273
kefrin_t_affect_fe_z2.5_ma3,calibrated,3,6,0.5270431101950426
kefrin_t_affect_fe_z2.5_ma3,calibrated,3,7,0.4574237455844383
kefrin_t_affect_fe_z2.5_ma3,calibrated,3,8,0.5680372478250397
kefrin_t_affect_fe_z2.5_ma3,calibrated,3,9,0.6445180867008891
kefrin_t_affect_fe_z2.5_ma3,calibrated,3,10,0.5274266984990605
kefrin_t_affect_fe_z2.5_ma3,calibrated,3,11,0.682316008250422
kefrin_t_affect_fe_z2.5_2pass_ma3,calibrated,3,0,0.0
kefrin_t_affect_fe_z2.5_2pass_ma3,calibrated,3,1,0.45353144898153186
kefrin_t_affect_fe_z2.5_2pass_ma3,calibrated,3,2,0.4439427774053905
kefrin_t_affect_fe_z2.5_2pass_ma3,calibrated,3,3,0.7585895663324558
kefrin_t_affect_fe_z2.5_2pass_ma3,calibrated,3,4,0.8213998569379467
kefrin_t_affect_fe_z2.5_2pass_ma3,calibrated,3,5,0.9005847551775442
kefrin_t_affect_fe_z2.5_2pass_ma3,calibrated,3,6,0.46457367063189803
kefrin_t_affect_fe_z2.5_2pass_ma3,calibrated,3,7,0.45573358344500126
kefrin_t_affect_fe_z2.5_2pass_ma3,calibrated,3,8,0.5741594161653834
kefrin_t_affect_fe_z2.5_2pass_ma3,calibrated,3,9,0.614953379141912
kefrin_t_affect_fe_z2.5_2pass_ma3,calibrated,3,10,0.5366950005007408
kefrin_t_affect_fe_z2.5_2pass_ma3,calibrated,3,11,0.6625477740035343
kefrin_t_affect,calibrated,4,0,0.0
kefrin_t_affect,calibrated,4,1,0.4915176002191876
kefrin_t_affect,calibrated,4,2,0.5225280655196076
kefrin_t_affect,calibrated,4,3,0.5271586205854375
kefrin_t_affect,calibrated,4,4,0.5287026411481448
kefrin_t_affect,calibrated,4,5,0.527352131625537
kefrin_t_affect,calibrated,4,6,0.5323871825450961
kefrin_t_affect,calibrated,4,7,0.519947772545407
kefrin_t_affect,calibrated,4,8,0.5235764446734841
kefrin_t_affect,calibrated,4,9,0.5255323598912454
kefrin_t_affect,calibrated,4,10,0.5282374262008033
kefrin_t_affect,calibrated,4,11,0.5283398344892414
kefrin_t_affect_fe_noreset,calibrated,4,0,0.0
kefrin_t_affect_fe_noreset,calibrated,4,1,0.95
kefrin_t_affect_fe_noreset,calibrated,4,2,0.4417831272448613
kefrin_t_affect_fe_noreset,calibrated,4,3,0.6728820687899448
kefrin_t_affect_fe_noreset,calibrated,4,4,0.7335449536630111
kefrin_t_affect_fe_noreset,calibrated,4,5,0.7776232350101968
kefrin_t_affect_fe_noreset,calibrated,4,6,0.7909785815109787
kefrin_t_affect_fe_noreset,calibrated,4,7,0.48103179547471286
kefrin_t_affect_fe_noreset,calibrated,4,8,0.5120415019221671
kefrin_t_affect_fe_noreset,calibrated,4,9,0.6131625813069332
kefrin_t_affect_fe_noreset,calibrated,4,10,0.7134483319361438
kefrin_t_affect_fe_noreset,calibrated,4,11,0.7630644207629095
kefrin_t_affect_fe_z4,calibrated,4,0,0.0
kefrin_t_affect_fe_z4,calibrated,4,1,0.95
kefrin_t_affect_fe_z4,calibrated,4,2,0.5263773017127257
kefrin_t_affect_fe_z4,calibrated,4,3,0.6994444021044666
kefrin_t_affect_fe_z4,calibrated,4,4,0.871417797535167
kefrin_t_affect_fe_z4,calibrated,4,5,0.9035575646979981
kefrin_t_affect_fe_z4,calibrated,4,6,0.8139739345970022
kefrin_t_affect_fe_z4,calibrated,4,7,0.805545755926671
kefrin_t_affect_fe_z4,calibrated,4,8,0.6781445047653536
kefrin_t_affect_fe_z4,calibrated,4,9,0.7910905691194651
kefrin_t_affect_fe_z4,calibrated,4,10,0.8633477721487197
kefrin_t_affect_fe_z4,calibrated,4,11,0.9058724473080668
kefrin_t_affect_fe_z2.5,calibrated,4,0,0.0
kefrin_t_affect_fe_z2.5,calibrated,4,1,0.95
kefrin_t_affect_fe_z2.5,calibrated,4,2,0.53620158785348
kefrin_t_affect_fe_z2.5,calibrated,4,3,0.7318940812838662
kefrin_t_affect_fe_z2.5,calibrated,4,4,0.8728209385583017
kefrin_t_affect_fe_z2.5,calibrated,4,5,0.9012852142753933
kefrin_t_affect_fe_z2.5,calibrated,4,6,0.8163158220129113
kefrin_t_affect_fe_z2.5,calibrated,4,7,0.8235639543590184
kefrin_t_affect_fe_z2.5,calibrated,4,8,0.7949867838028197
kefrin_t_affect_fe_z2.5,calibrated,4,9,0.8354641493397641
kefrin_t_affect_fe_z2.5,calibrated,4,10,0.8532813423406195
kefrin_t_affect_fe_z2.5,calibrated,4,11,0.9152522079729007
kefrin_t_affect_fe_z2.5_2pass,calibrated,4,0,0.0
kefrin_t_affect_fe_z2.5_2pass,calibrated,4,1,0.8613121307681972
kefrin_t_affect_fe_z2.5_2pass,calibrated,4,2,0.6525676402743801
kefrin_t_affect_fe_z2.5_2pass,calibrated,4,3,0.8030729812691655
kefrin_t_affect_fe_z2.5_2pass,calibrated,4,4,0.8536683904774033
kefrin_t_affect_fe_z2.5_2pass,calibrated,4,5,0.9041139691361422
kefrin_t_affect_fe_z2.5_2pass,calibrated,4,6,0.8084208666478512
kefrin_t_affect_fe_z2.5_2pass,calibrated,4,7,0.8296251689161227
kefrin_t_affect_fe_z2.5_2pass,calibrated,4,8,0.8238446920646422
kefrin_t_affect_fe_z2.5_2pass,calibrated,4,9,0.8502841499915142
kefrin_t_affect_fe_z2.5_2pass,calibrated,4,10,0.8836976280735378
kefrin_t_affect_fe_z2.5_2pass,calibrated,4,11,0.9079208193987739
kefrin_t_affect_fe_z2.5_ma3,calibrated,4,0,0.0
kefrin_t_affect_fe_z2.5_ma3,calibrated,4,1,0.9129183208020007
kefrin_t_affect_fe_z2.5_ma3,calibrated,4,2,0.6999284673391647
kefrin_t_affect_fe_z2.5_ma3,calibrated,4,3,0.6026838230394244
kefrin_t_affect_fe_z2.5_ma3,calibrated,4,4,0.6810969048353009
kefrin_t_affect_fe_z2.5_ma3,calibrated,4,5,0.7546467047668065
kefrin_t_affect_fe_z2.5_ma3,calibrated,4,6,0.47636879611694516
kefrin_t_affect_fe_z2.5_ma3,calibrated,4,7,0.49134767587986933
kefrin_t_affect_fe_z2.5_ma3,calibrated,4,8,0.5358150519716932
kefrin_t_affect_fe_z2.5_ma3,calibrated,4,9,0.6048874751269661
kefrin_t_affect_fe_z2.5_ma3,calibrated,4,10,0.5728143182978337
kefrin_t_affect_fe_z2.5_ma3,calibrated,4,11,0.7777023204932301
kefrin_t_affect_fe_z2.5_2pass_ma3,calibrated,4,0,0.0
kefrin_t_affect_fe_z2.5_2pass_ma3,calibrated,4,1,0.7297490625049468
kefrin_t_affect_fe_z2.5_2pass_ma3,calibrated,4,2,0.8614458567523176
kefrin_t_affect_fe_z2.5_2pass_ma3,calibrated,4,3,0.5287484607533538
kefrin_t_affect_fe_z2.5_2pass_ma3,calibrated,4,4,0.7073750667552811
kefrin_t_affect_fe_z2.5_2pass_ma3,calibrated,4,5,0.77009054473282
kefrin_t_affect_fe_z2.5_2pass_ma3,calibrated,4,6,0.46552031897172114
kefrin_t_affect_fe_z2.5_2pass_ma3,calibrated,4,7,0.47296360890449907
kefrin_t_affect_fe_z2.5_2pass_ma3,calibrated,4,8,0.5310811332467354
kefrin_t_affect_fe_z2.5_2pass_ma3,calibrated,4,9,0.5590640764064078
kefrin_t_affect_fe_z2.5_2pass_ma3,calibrated,4,10,0.5593109990610575
kefrin_t_affect_fe_z2.5_2pass_ma3,calibrated,4,11,0.7488658033362597
