territory_id,cluster,name
1,2,городской округ город Майкоп
2,1,городской округ город Адыгейск
3,1,Гиагинский муниципальный район
4,1,Кошехабльский муниципальный район
5,1,Красногвардейский муниципальный район
6,1,Майкопский муниципальный район
7,4,Тахтамукайский муниципальный район
8,4,Теучежский муниципальный район
9,1,Шовгеновский муниципальный район
10,2,городской округ город Горно-Алтайск
11,3,Кош-Агачский муниципальный район
12,3,Майминский муниципальный район
13,3,Онгудайский муниципальный район
14,3,Турочакский муниципальный район
15,3,Улаганский муниципальный район
16,3,Усть-Канский муниципальный район
17,3,Усть-Коксинский муниципальный район
18,3,Чемальский муниципальный район
19,3,Чойский муниципальный район
20,3,Шебалинский муниципальный район
21,4,городской округ город Уфа
22,2,городской округ город Агидель
23,2,городской округ город Кумертау
25,2,городской округ город Нефтекамск
26,2,городской округ город Октябрьский
27,2,городской округ город Салават
28,2,городской округ город Сибай
29,2,городской округ город Стерлитамак
30,3,Абзелиловский муниципальный район
31,1,Альшеевский муниципальный район
32,1,Архангельский муниципальный район
33,1,Аскинский муниципальный район
34,1,Аургазинский муниципальный район
35,3,Баймакский муниципальный район
36,1,Бакалинский муниципальный район
37,1,Балтачевский муниципальный район
38,2,Белебеевский муниципальный район
39,1,Белокатайский муниципальный район
40,2,Белорецкий муниципальный район
41,1,Бижбулякский муниципальный район
42,2,Бирский муниципальный район
43,1,Благоварский муниципальный район
44,2,Благовещенский муниципальный район
45,1,Буздякский муниципальный район
46,1,Бураевский муниципальный район
47,1,Бурзянский муниципальный район
48,1,Гафурийский муниципальный район
49,2,Давлекановский муниципальный район
50,3,Дуванский муниципальный район
51,2,Дюртюлинский муниципальный район
52,1,Ермекеевский муниципальный район
53,3,Зианчуринский муниципальный район
54,1,Зилаирский муниципальный район
55,2,Иглинский муниципальный район
56,1,Илишевский муниципальный район
57,2,Ишимбайский муниципальный район
58,1,Калтасинский муниципальный район
59,1,Караидельский муниципальный район
60,1,Кармаскалинский муниципальный район
61,1,Кигинский муниципальный район
62,0,Краснокамский муниципальный район
63,1,Кугарчинский муниципальный район
65,1,Кушнаренковский муниципальный район
66,2,Мелеузовский муниципальный район
67,1,Мечетлинский муниципальный район
68,1,Мишкинский муниципальный район
69,1,Миякинский муниципальный район
70,1,Нуримановский муниципальный район
71,1,Салаватский муниципальный район
72,1,Стерлибашевский муниципальный район
73,2,Стерлитамакский муниципальный район
74,2,Татышлинский муниципальный район
75,2,Туймазинский муниципальный район
76,4,Уфимский муниципальный район
77,2,Учалинский муниципальный район
78,1,Федоровский муниципальный район
79,0,Хайбуллинский муниципальный район
80,1,Чекмагушевский муниципальный район
81,2,Чишминский муниципальный район
82,1,Шаранский муниципальный район
83,2,Янаульский муниципальный район
167,2,городской округ Нальчик
168,1,городской округ Баксан
169,2,городской округ Прохладный
173,1,Майский муниципальный район
181,1,Городовиковский муниципальный район
184,1,Лаганский муниципальный район
185,1,Малодербетовский муниципальный район
188,1,Сарпинский муниципальный район
191,1,Юстинский муниципальный район
194,2,городской округ Черкесский
195,2,городской округ Карачаевский
196,1,Абазинский муниципальный район
198,1,Зеленчукский муниципальный район
201,1,Ногайский муниципальный район
203,1,Урупский муниципальный район
204,2,Усть-Джегутинский муниципальный район
205,1,Хабезский муниципальный район
206,2,городской округ Петрозаводский
207,2,городской округ Костомукшский
208,1,Беломорский муниципальный округ
209,3,Калевальский муниципальный район
210,1,Кемский муниципальный район
211,2,Кондопожский муниципальный район
212,1,Лахденпохский муниципальный район
213,1,Лоухский муниципальный район
214,1,Медвежьегорский муниципальный район
215,1,Муезерский муниципальный район
216,1,Олонецкий муниципальный район
217,1,Питкярантский муниципальный округ
218,0,Прионежский муниципальный район
219,1,Пряжинский муниципальный район
220,1,Пудожский муниципальный район
221,2,Сегежский муниципальный округ
222,2,Сортавальский муниципальный район
223,1,Суоярвский муниципальный округ
224,2,городской округ Сыктывкар
225,0,городской округ Воркута
226,0,муниципальный округ Вуктыл
227,2,городской округ Инта
228,0,муниципальный округ Усинск
229,2,городской округ Ухта
230,3,Ижемский муниципальный район
231,2,Княжпогостский муниципальный район
232,1,Койгородский муниципальный район
233,1,Корткеросский муниципальный район
234,0,муниципальный район Печора
235,1,Прилузский муниципальный район
236,2,муниципальный район Сосногорск
237,1,Сыктывдинский муниципальный район
238,1,Сысольский муниципальный район
239,1,Троицко-Печорский муниципальный район
240,1,Удорский муниципальный район
241,2,Усть-Вымский муниципальный район
242,1,Усть-Куломский муниципальный район
243,3,Усть-Цилемский муниципальный район
269,2,городской округ город Йошкар-Ола
270,2,городской округ город Волжск
271,2,городской округ город Козьмодемьянск
272,1,Волжский муниципальный район
273,1,Горномарийский муниципальный район
274,2,Звениговский муниципальный район
275,1,Килемарский муниципальный район
276,1,Куженерский муниципальный район
277,1,Мари-Турекский муниципальный район
278,2,Медведевский муниципальный район
279,1,Моркинский муниципальный район
280,1,Новоторъяльский муниципальный район
281,1,Оршанский муниципальный район
282,1,Параньгинский муниципальный район
283,2,Сернурский муниципальный район
284,1,Советский муниципальный район
285,1,Юринский муниципальный район
287,1,Ардатовский муниципальный район
288,1,Атюрьевский муниципальный район
289,1,Атяшевский муниципальный район
290,1,Большеберезниковский муниципальный район
292,1,Дубенский муниципальный район
293,1,Ельниковский муниципальный район
294,1,Зубово-Полянский муниципальный район
295,1,Инсарский муниципальный район
296,1,Ичалковский муниципальный район
297,1,Кадошкинский муниципальный район
298,1,Ковылкинский муниципальный район
300,1,Краснослободский муниципальный район
301,1,Лямбирский муниципальный район
302,1,Ромодановский муниципальный район
303,2,Рузаевский муниципальный район
304,1,Старошайговский муниципальный район
305,1,Темниковский муниципальный район
306,1,Теньгушевский муниципальный район
307,1,Торбеевский муниципальный район
308,2,Чамзинский муниципальный район
309,4,городской округ город Якутск
312,0,Алданский муниципальный район
314,3,Амгинский муниципальный район
316,0,Булунский муниципальный район
317,3,Верхневилюйский муниципальный район
318,3,Верхнеколымский муниципальный район
319,3,Верхоянский муниципальный район
320,3,Вилюйский муниципальный район
321,3,Горный муниципальный район
323,3,Кобяйский муниципальный район
324,3,Нюрбинский муниципальный район
325,0,Ленский муниципальный район
326,3,Мегино-Кангаласский муниципальный район
327,0,Мирнинский муниципальный район
329,3,Намский муниципальный район
330,0,Нерюнгринский муниципальный район
331,3,Нижнеколымский муниципальный район
332,0,Оймяконский муниципальный район
333,0,Олекминский муниципальный район
334,0,Оленекский эвенкийский национальный муниципальный район
335,3,Среднеколымский муниципальный район
336,3,Сунтарский муниципальный район
337,3,Таттинский муниципальный район
338,3,Томпонский муниципальный район
339,3,Усть-Алданский муниципальный район
340,0,Усть-Майский муниципальный район
341,0,Усть-Янский муниципальный район
342,3,Хангаласский муниципальный район
343,3,Чурапчинский муниципальный район
345,2,городской округ город Владикавказ
346,1,Алагирский муниципальный район
347,1,Ардонский муниципальный район
348,1,Дигорский муниципальный район
349,1,Ирафский муниципальный район
351,2,Моздокский муниципальный район
352,1,Правобережный муниципальный район
354,4,городской округ город Казань
355,2,городской округ город Набережные Челны
356,2,Агрызский муниципальный район
357,0,Азнакаевский муниципальный район
358,1,Аксубаевский муниципальный район
359,1,Актанышский муниципальный район
360,1,Алексеевский муниципальный район
361,1,Алькеевский муниципальный район
362,4,Альметьевский муниципальный район
363,1,Апастовский муниципальный район
364,1,Арский муниципальный район
365,1,Атнинский муниципальный район
366,0,Бавлинский муниципальный район
367,1,Балтасинский муниципальный район
368,2,Бугульминский муниципальный район
369,1,Буинский муниципальный район
370,4,Верхнеуслонский муниципальный район
371,2,Высокогорский муниципальный район
372,1,Дрожжановский муниципальный район
373,2,Елабужский муниципальный район
374,2,Заинский муниципальный район
375,4,Зеленодольский муниципальный район
376,1,Кайбицкий муниципальный район
377,1,Камско-Устьинский муниципальный район
378,1,Кукморский муниципальный район
379,4,Лаишевский муниципальный район
380,2,Лениногорский муниципальный район
381,1,Мамадышский муниципальный район
382,2,Менделеевский муниципальный район
383,1,Мензелинский муниципальный район
384,1,Муслюмовский муниципальный район
385,2,Нижнекамский муниципальный район
386,1,Новошешминский муниципальный район
387,2,Нурлатский муниципальный район
388,2,Пестречинский муниципальный район
390,1,Сабинский муниципальный район
391,1,Сармановский муниципальный район
392,1,Спасский муниципальный район
393,1,Тетюшский муниципальный район
395,1,Тюлячинский муниципальный район
396,1,Черемшанский муниципальный район
397,2,Чистопольский муниципальный район
398,1,Ютазинский муниципальный район
401,3,Бай-Тайгинский муниципальный район
402,3,Барун-Хемчикский муниципальный район
403,3,Дзун-Хемчикский муниципальный район
404,3,Каа-Хемский муниципальный район
405,3,Кызылский муниципальный район
408,3,Пий-Хемский муниципальный район
410,3,Тандинский муниципальный район
413,3,Тоджинский муниципальный район
414,3,Улуг-Хемский муниципальный район
416,3,Чеди-Хольский муниципальный район
418,2,городской округ город Ижевск
419,2,городской округ город Воткинск
420,2,городской округ город Глазов
421,2,городской округ город Можга
422,2,городской округ город Сарапул
423,1,муниципальный округ Алнашский район
424,1,муниципальный округ Балезинский район
425,1,муниципальный округ Вавожский район
428,1,муниципальный округ Граховский район
429,1,муниципальный округ Дебёсский район
430,2,муниципальный округ Завьяловский район
431,1,муниципальный округ Игринский район
432,1,муниципальный округ Камбарский район
433,1,муниципальный округ Каракулинский район
434,1,муниципальный округ Кезский район
435,1,муниципальный округ Кизнерский район
436,1,муниципальный округ Киясовский район
437,1,муниципальный округ Красногорский район
438,1,муниципальный округ Малопургинский район
440,1,муниципальный округ Сарапульский район
441,1,муниципальный округ Селтинский район
442,1,муниципальный округ Сюмсинский район
443,1,муниципальный округ Увинский район
444,1,муниципальный округ Шарканский район
445,1,муниципальный округ Юкаменский район
446,1,муниципальный округ Якшур-Бодьинский район
447,1,муниципальный округ Ярский район
448,2,городской округ город Абакан
449,3,городской округ город Абаза
450,2,городской округ город Саяногорск
451,0,городской округ город Сорск
452,2,городской округ город Черногорск
453,0,Алтайский муниципальный район
455,3,Бейский муниципальный район
456,1,Боградский муниципальный район
457,1,Орджоникидзевский муниципальный район
458,3,Таштыпский муниципальный район
459,3,Усть-Абаканский муниципальный район
460,3,Ширинский муниципальный район
478,2,городской округ город Чебоксары
479,2,городской округ город Алатырь
480,2,городской округ город Канаш
481,2,городской округ город Новочебоксарск
482,2,городской округ город Шумерля
484,1,Аликовский муниципальный округ
485,1,Батыревский муниципальный округ
486,1,Вурнарский муниципальный округ
487,1,Ибресинский муниципальный округ
489,1,Козловский муниципальный округ
490,1,Комсомольский муниципальный округ
491,1,Красноармейский муниципальный округ
492,1,Красночетайский муниципальный округ
493,1,Мариинско-Посадский муниципальный округ
494,1,Моргаушский муниципальный округ
495,1,Порецкий муниципальный округ
496,1,Урмарский муниципальный округ
497,2,Цивильский муниципальный округ
498,2,Чебоксарский муниципальный округ
499,1,Шемуршинский муниципальный округ
501,1,Ядринский муниципальный округ
502,1,Яльчикский муниципальный округ
503,1,Янтиковский муниципальный округ
504,2,городской округ город Барнаул
505,2,городской округ город Алейск
506,2,городской округ город Белокуриха
507,2,городской округ город Бийск
508,2,городской округ город Заринск
509,2,городской округ город Новоалтайск
510,2,городской округ город Рубцовск
511,2,муниципальный округ город Славгород
512,2,городской округ город Яровое
515,3,Алтайский муниципальный район
516,1,Баевский муниципальный район
517,1,Бийский муниципальный район
518,1,Благовещенский муниципальный район
519,1,Бурлинский муниципальный район
520,1,Быстроистокский муниципальный район
521,1,Волчихинский муниципальный район
522,1,Егорьевский муниципальный район
523,1,Ельцовский муниципальный район
524,1,Завьяловский муниципальный район
525,1,Залесовский муниципальный округ
527,1,Змеиногорский муниципальный район
528,1,Калманский муниципальный район
529,1,Каменский муниципальный район
530,1,Ключевский муниципальный район
531,1,Косихинский муниципальный район
532,1,Красногорский муниципальный район
533,1,Краснощёковский муниципальный район
534,1,Крутихинский муниципальный район
535,1,Кулундинский муниципальный район
536,1,Курьинский муниципальный район
537,1,Кытмановский муниципальный район
538,1,Локтевский муниципальный район
539,1,Мамонтовский муниципальный район
540,1,Михайловский муниципальный район
541,1,Новичихинский муниципальный район
542,1,Зональный муниципальный район
543,1,Павловский муниципальный район
544,1,Панкрушихинский муниципальный район
545,1,Первомайский муниципальный район
546,1,Петропавловский муниципальный район
547,1,Поспелихинский муниципальный район
548,1,Ребрихинский муниципальный район
549,1,Родинский муниципальный район
550,1,Романовский муниципальный район
552,1,Смоленский муниципальный район
553,1,муниципальный округ Суетский район
554,3,Советский муниципальный район
555,1,Солонешенский муниципальный район
556,1,Солтонский муниципальный район
557,1,Шелаболихинский муниципальный район
558,1,Табунский муниципальный район
559,1,Тальменский муниципальный район
560,1,Тогульский муниципальный район
561,1,Топчихинский муниципальный район
562,1,Третьяковский муниципальный район
563,1,Троицкий муниципальный район
564,1,Тюменцевский муниципальный район
565,1,Угловский муниципальный район
566,1,Усть-Калманский муниципальный район
567,1,Усть-Пристанский муниципальный район
568,1,Хабарский муниципальный район
569,1,Целинный муниципальный район
570,1,муниципальный округ Чарышский район
571,1,Шипуновский муниципальный район
572,1,Немецкий национальный муниципальный район
574,3,городской округ город Петровск-Забайкальский
578,3,Балейский муниципальный район
579,3,Борзинский муниципальный район
580,0,Газимуро-Заводский муниципальный округ
581,3,Забайкальский муниципальный район
582,0,Каларский муниципальный округ
583,0,Калганский муниципальный округ
584,3,Карымский муниципальный район
585,2,муниципальный район Город Краснокаменск и Краснокаменский район
586,3,Красночикойский муниципальный район
587,3,Кыринский муниципальный район
588,0,Могочинский муниципальный округ
589,3,Нерчинский муниципальный район
591,3,Оловяннинский муниципальный район
592,3,Ононский муниципальный округ
593,3,Петровск-Забайкальский муниципальный район
594,3,Приаргунский муниципальный округ
595,3,Сретенский муниципальный район
598,3,Улётовский муниципальный район
599,3,Хилокский муниципальный район
600,3,Чернышевский муниципальный район
601,3,Читинский муниципальный район
602,3,Шелопугинский муниципальный район
603,3,Шилкинский муниципальный район
604,3,городской округ поселок Агинское
605,3,Агинский муниципальный район
606,3,Дульдургинский муниципальный район
607,3,Могойтуйский муниципальный район
608,4,городской округ Петропавловск-Камчатский
612,3,Елизовский муниципальный район
613,3,Мильковский муниципальный округ
614,0,Соболевский муниципальный район
615,3,Усть-Большерецкий муниципальный район
616,3,Усть-Камчатский муниципальный район
618,0,Карагинский муниципальный район
619,0,Олюторский муниципальный район
621,3,Тигильский муниципальный район
666,2,городской округ город Красноярск
667,2,городской округ город Ачинск
668,2,городской округ город Боготол
669,2,городской округ город Бородино
670,2,городской округ город Дивногорск
671,2,городской округ город Енисейск
674,2,городской округ город Канск
675,2,городской округ город Лесосибирск
676,2,городской округ город Минусинск
677,2,городской округ город Назарово
678,0,городской округ город Норильск
679,2,городской округ город Сосновоборск
680,2,городской округ город Шарыпово
683,1,Абанский муниципальный район
685,1,Балахтинский муниципальный район
686,2,Березовский муниципальный район
687,1,Бирилюсский муниципальный район
689,3,Богучанский муниципальный район
690,1,Большемуртинский муниципальный район
691,1,Большеулуйский муниципальный район
692,1,Дзержинский муниципальный район
693,4,Емельяновский муниципальный район
694,3,Енисейский муниципальный район
695,3,Ермаковский муниципальный район
696,1,Идринский муниципальный район
697,2,Иланский муниципальный район
698,1,Ирбейский муниципальный район
699,1,Казачинский муниципальный район
701,1,Каратузский муниципальный район
702,3,Кежемский муниципальный район
703,1,Козульский муниципальный район
704,1,Краснотуранский муниципальный район
705,1,Курагинский муниципальный район
706,1,Манский муниципальный район
708,0,Мотыгинский муниципальный район
710,1,Нижнеингашский муниципальный район
711,3,Новоселовский муниципальный район
712,3,Партизанский муниципальный район
713,1,Пировский муниципальный округ
714,3,Рыбинский муниципальный район
715,1,Саянский муниципальный район
716,0,Северо-Енисейский муниципальный район
717,1,Сухобузимский муниципальный район
718,0,Таймырский Долгано-Ненецкий муниципальный район
719,1,Тасеевский муниципальный район
720,0,Туруханский муниципальный район
721,1,Тюхтетский муниципальный округ
722,3,Ужурский муниципальный район
723,1,Уярский муниципальный район
725,3,Шушенский муниципальный район
726,0,Эвенкийский муниципальный район
727,2,городской округ Пермский
731,2,городской округ Лысьвенский
734,2,муниципальный округ Александровский
735,1,муниципальный округ Бардымский
736,1,муниципальный округ Березовский
737,1,муниципальный округ Большесосновский
738,2,городской округ Верещагинский
739,2,городской округ Горнозаводский
741,2,городской округ Добрянский
742,1,муниципальный округ Еловский
743,1,городской округ Ильинский
744,1,муниципальный округ Карагайский
745,2,городской округ город Кизел
746,1,муниципальный округ Кишертский
747,1,городской округ Красновишерский
748,2,городской округ Краснокамский
749,1,муниципальный округ Куединский
751,2,городской округ Нытвенский
752,1,городской округ Октябрьский
753,1,муниципальный округ Ординский
754,2,городской округ Осинский
755,1,городской округ Оханский
756,2,городской округ Очерский
757,4,муниципальный округ Пермский
758,1,муниципальный округ Сивинский
760,1,городской округ Суксунский
761,1,муниципальный округ Уинский
763,2,городской округ Чайковский
764,1,муниципальный округ Частинский
765,1,городской округ Чердынский
766,2,городской округ Чернушинский
767,2,городской округ Чусовской
769,1,муниципальный округ Гайнский
770,3,муниципальный округ Косинский
771,1,муниципальный округ Кочевский
773,1,муниципальный округ Юрлинский
774,1,муниципальный округ Юсьвинский
775,4,городской округ Владивостокский
776,2,городской округ Арсеньевский
777,2,городской округ Артемовский
778,2,городской округ Большой Камень
779,2,городской округ Дальнегорский
780,2,городской округ Дальнереченский
781,3,городской округ Лесозаводский
782,2,городской округ Находкинский
783,2,городской округ Партизанский
784,2,городской округ Спасск-Дальний
785,2,городской округ Уссурийский
787,3,Анучинский муниципальный округ
788,3,Дальнереченский муниципальный район
789,3,Кавалеровский муниципальный округ
790,3,Кировский муниципальный район
791,3,Красноармейский муниципальный округ
792,3,Лазовский муниципальный округ
793,0,Михайловский муниципальный район
794,3,Надеждинский муниципальный район
795,3,Октябрьский муниципальный округ
796,3,Ольгинский муниципальный округ
797,3,Партизанский муниципальный округ
798,3,Пограничный муниципальный округ
799,2,Пожарский муниципальный округ
800,3,Спасский муниципальный район
801,1,Тернейский муниципальный округ
802,3,Ханкайский муниципальный округ
803,3,Хасанский муниципальный округ
804,3,Хорольский муниципальный округ
805,3,Черниговский муниципальный округ
806,3,Чугуевский муниципальный округ
807,3,Шкотовский муниципальный округ
808,3,Яковлевский муниципальный округ
809,2,городской округ город Ставрополь
810,1,Благодарненский муниципальный округ
811,2,Георгиевский муниципальный округ
812,2,городской округ город-курорт Ессентуки
813,2,городской округ город-курорт Железноводск
814,2,Изобильненский муниципальный округ
815,1,Ипатовский муниципальный округ
817,2,Кировский муниципальный округ
818,2,городской округ город Лермонтов
819,2,Минераловодский муниципальный округ
820,2,городской округ город Невинномысск
821,2,Нефтекумский муниципальный округ
822,1,Новоалександровский муниципальный округ
823,2,Петровский муниципальный округ
824,2,городской округ город-курорт Пятигорск
825,1,Советский муниципальный округ
826,1,Александровский муниципальный округ
827,1,Андроповский муниципальный округ
828,1,Апанасенковский муниципальный округ
829,1,Арзгирский муниципальный округ
830,2,Будённовский муниципальный округ
831,1,Грачёвский муниципальный округ
832,1,Кочубеевский муниципальный округ
833,1,Красногвардейский муниципальный округ
834,1,Курский муниципальный округ
835,1,Левокумский муниципальный округ
836,1,Новоселицкий муниципальный округ
838,1,Степновский муниципальный округ
839,1,Труновский муниципальный округ
840,1,Туркменский муниципальный округ
841,2,Шпаковский муниципальный округ
842,4,городской округ город Хабаровск
843,2,городской округ город Комсомольск-на-Амуре
844,2,Амурский муниципальный район
846,3,Бикинский муниципальный район
847,2,Ванинский муниципальный район
848,0,Верхнебуреинский муниципальный район
849,3,Вяземский муниципальный район
851,3,муниципальный район имени Лазо
852,3,Нанайский муниципальный район
853,0,Николаевский муниципальный район
854,0,Охотский муниципальный округ
855,3,муниципальный район имени Полины Осипенко
856,3,Советско-Гаванский муниципальный район
857,0,Солнечный муниципальный район
859,3,Ульчский муниципальный район
860,2,Хабаровский муниципальный район
870,3,Архаринский муниципальный округ
871,3,Белогорский муниципальный округ
872,3,Благовещенский муниципальный округ
873,3,Бурейский муниципальный округ
874,3,Завитинский муниципальный округ
875,0,Зейский муниципальный округ
876,3,Ивановский муниципальный округ
877,3,Константиновский муниципальный район
878,0,Магдагачинский муниципальный район
879,3,Мазановский муниципальный район
880,3,Михайловский муниципальный район
881,3,Октябрьский муниципальный район
882,3,Ромненский муниципальный округ
883,0,Свободненский муниципальный район
884,0,Селемджинский муниципальный район
885,3,Серышевский муниципальный округ
886,0,Сковородинский муниципальный округ
888,0,Тындинский муниципальный округ
889,3,Шимановский муниципальный округ
890,2,городской округ город Архангельск
891,0,городской округ город Коряжма
892,2,городской округ Котлас
895,2,городской округ город Новодвинск
896,2,городской округ Северодвинск
897,2,Вельский муниципальный район
898,1,Верхнетоемский муниципальный округ
899,1,муниципальный округ Вилегодский
900,1,Виноградовский муниципальный округ
901,1,муниципальный округ Каргопольский
902,3,Коношский муниципальный район
903,3,Котласский муниципальный округ
904,1,Красноборский муниципальный округ
905,1,Ленский муниципальный район
907,1,Мезенский муниципальный округ
908,2,Няндомский муниципальный округ
909,2,Онежский муниципальный район
911,2,Плесецкий муниципальный округ
912,2,Приморский муниципальный округ
913,1,Устьянский муниципальный округ
914,1,Холмогорский муниципальный округ
915,1,Шенкурский муниципальный округ
916,0,городской округ город Нарьян-Мар
917,0,муниципальный район Заполярный район
918,2,городской округ город Астрахань
920,1,Ахтубинский муниципальный район
922,1,Енотаевский муниципальный район
923,1,Икрянинский муниципальный район
924,1,Камызякский муниципальный район
925,1,Красноярский муниципальный район
926,1,Лиманский муниципальный район
927,2,Наримановский муниципальный район
928,2,Приволжский муниципальный район
929,1,Харабалинский муниципальный район
930,1,Черноярский муниципальный район
986,2,городской округ город Владимир
987,2,городской округ город Гусь-Хрустальный
988,2,городской округ город Ковров
989,2,городской округ округ Муром
991,2,Александровский муниципальный район
992,2,Вязниковский муниципальный район
993,1,Гороховецкий муниципальный район
994,1,Гусь-Хрустальный муниципальный район
995,2,Камешковский муниципальный район
996,2,Киржачский муниципальный район
998,2,Кольчугинский муниципальный район
999,1,Меленковский муниципальный район
1001,2,Петушинский муниципальный район
1002,1,Селивановский муниципальный район
1003,2,Собинский муниципальный район
1004,1,Судогодский муниципальный район
1005,2,Суздальский муниципальный район
1006,1,Юрьев-Польский муниципальный район
1007,2,городской округ город-герой Волгоград
1008,2,городской округ город Волжский
1009,2,городской округ город Камышин
1010,2,городской округ город Михайловка
1011,2,городской округ город Урюпинск
1012,2,городской округ город Фролово
1013,1,Алексеевский муниципальный район
1014,1,Быковский муниципальный район
1015,2,Городищенский муниципальный район
1016,1,Даниловский муниципальный район
1017,1,Дубовский муниципальный район
1018,1,Еланский муниципальный район
1019,1,Жирновский муниципальный район
1020,1,Иловлинский муниципальный район
1021,1,Калачевский муниципальный район
1023,1,Киквидзенский муниципальный район
1024,1,Клетский муниципальный район
1025,2,Котельниковский муниципальный район
1026,1,Котовский муниципальный район
1027,1,Кумылженский муниципальный район
1028,1,Ленинский муниципальный район
1029,1,Нехаевский муниципальный район
1030,1,Николаевский муниципальный район
1031,1,Новоаннинский муниципальный район
1032,1,Новониколаевский муниципальный район
1033,1,Октябрьский муниципальный район
1034,1,Ольховский муниципальный район
1035,1,Палласовский муниципальный район
1036,1,Руднянский муниципальный район
1037,1,Светлоярский муниципальный район
1038,1,Серафимовичский муниципальный район
1039,2,Среднеахтубинский муниципальный район
1040,1,Старополтавский муниципальный район
1041,1,Суровикинский муниципальный район
1044,1,Чернышковский муниципальный район
1047,1,Бабаевский муниципальный округ
1048,1,Бабушкинский муниципальный округ
1049,2,Белозерский муниципальный округ
1051,2,Великоустюгский муниципальный округ
1052,1,Верховажский муниципальный округ
1053,1,Вожегодский муниципальный округ
1054,1,Вологодский муниципальный округ
1055,1,Вытегорский муниципальный район
1056,1,Грязовецкий муниципальный округ
1057,1,Кадуйский муниципальный округ
1058,1,Кирилловский муниципальный округ
1059,3,Кичменгско-Городецкий муниципальный округ
1060,1,Междуреченский муниципальный округ
1061,1,Никольский муниципальный округ
1062,3,Нюксенский муниципальный округ
1063,2,Сокольский муниципальный округ
1064,1,Сямженский муниципальный округ
1065,1,Тарногский муниципальный округ
1066,1,Тотемский муниципальный округ
1067,1,Усть-Кубинский муниципальный округ
1068,1,Устюженский муниципальный округ
1069,1,Харовский муниципальный округ
1070,2,Чагодощенский муниципальный округ
1071,2,Череповецкий муниципальный район
1072,2,Шекснинский муниципальный район
1107,2,городской округ Иваново
1108,1,городской округ Вичуга
1109,2,городской округ Кинешма
1110,2,городской округ Кохма
1111,2,городской округ Тейково
1112,2,городской округ Шуя
1113,1,Вичугский муниципальный район
1115,1,Гаврилово-Посадский муниципальный район
1116,1,Заволжский муниципальный район
1117,2,Ивановский муниципальный район
1118,1,Ильинский муниципальный район
1119,1,Кинешемский муниципальный район
1120,1,Комсомольский муниципальный район
1121,1,Лежневский муниципальный район
1122,1,Лухский муниципальный район
1123,1,Палехский муниципальный район
1124,1,Пестяковский муниципальный район
1125,1,Приволжский муниципальный район
1126,1,Пучежский муниципальный район
1127,2,Родниковский муниципальный район
1128,1,Савинский муниципальный район
1129,1,Тейковский муниципальный район
1130,2,Фурмановский муниципальный район
1131,1,Шуйский муниципальный район
1132,1,Южский муниципальный район
1133,1,Юрьевецкий муниципальный район
1134,4,городской округ город Иркутск
1135,2,городской округ Ангарский
1136,2,городской округ город Братск
1137,2,городской округ Зима
1138,2,городской округ город Саянск
1139,2,городской округ город Тулун
1140,2,городской округ город Усолье-Сибирское
1141,2,городской округ город Усть-Илимск
1142,2,городской округ город Черемхово
1143,2,городской округ город Свирск
1144,1,Балаганский муниципальный район
1146,2,Братский муниципальный район
1147,2,Жигаловский муниципальный район
1148,3,Заларинский муниципальный район
1149,3,Зиминский муниципальный район
1150,4,Иркутский муниципальный район
1151,2,Казачинско-Ленский муниципальный район
1152,0,Катангский муниципальный район
1153,3,Качугский муниципальный район
1154,0,Киренский муниципальный район
1155,3,Куйтунский муниципальный район
1157,2,Нижнеилимский муниципальный район
1158,2,Нижнеудинский муниципальный район
1159,3,Ольхонский муниципальный район
1160,2,Слюдянский муниципальный район
1161,2,Тайшетский муниципальный район
1163,3,Усольский муниципальный район
1164,3,Усть-Илимский муниципальный район
1165,0,Усть-Кутский муниципальный район
1166,3,Усть-Удинский муниципальный район
1167,3,Черемховский муниципальный район
1168,3,Чунский муниципальный район
1169,2,Шелеховский муниципальный район
1170,3,Аларский муниципальный район
1171,3,Баяндаевский муниципальный район
1172,3,Боханский муниципальный район
1173,3,Нукутский муниципальный район
1174,3,Осинский муниципальный район
1175,3,Эхирит-Булагатский муниципальный район
1176,4,городской округ город Калининград
1178,1,городской округ Мамоновский
1179,2,городской округ Пионерский
1180,2,городской округ Светловский
1181,2,городской округ Советский
1184,2,городской округ Балтийский
1185,1,муниципальный округ Гвардейский
1186,4,муниципальный округ Гурьевский
1187,2,городской округ Гусевский
1188,2,муниципальный округ Зеленоградский
1189,1,муниципальный округ Краснознаменский
1190,2,городской округ Светлогорский
1191,1,муниципальный округ Неманский
1192,1,муниципальный округ Нестеровский
1193,1,муниципальный округ Озерский
1194,1,муниципальный округ Полесский
1195,1,муниципальный округ Правдинский
1196,1,муниципальный округ Славский
1197,2,муниципальный округ Черняховский
1198,2,городской округ город Калуга
1200,1,Бабынинский муниципальный район
1201,1,Барятинский муниципальный район
1203,2,Дзержинский муниципальный район
1204,1,Думиничский муниципальный район
1205,1,Жиздринский муниципальный район
1206,2,Жуковский муниципальный район
1207,2,Кировский муниципальный район
1208,1,Износковский муниципальный район
1209,2,Козельский муниципальный район
1210,1,Куйбышевский муниципальный район
1211,2,Людиновский муниципальный район
1212,2,Малоярославецкий муниципальный район
1213,1,Медынский муниципальный район
1214,1,Мещовский муниципальный район
1215,1,Мосальский муниципальный район
1217,1,Спас-Деменский муниципальный район
1218,1,Сухиничский муниципальный район
1219,1,Тарусский муниципальный район
1220,1,Ульяновский муниципальный район
1221,2,Ферзиковский муниципальный район
1222,1,Хвастовичский муниципальный район
1223,1,Юхновский муниципальный район
1224,2,городской округ Кемеровский
1225,2,городской округ Анжеро-Судженский
1226,2,городской округ Беловский
1227,0,городской округ Березовский
1228,0,городской округ Калтанский
1229,2,городской округ Киселевский
1230,2,городской округ Ленинск-Кузнецкий
1231,0,городской округ Междуреченский
1232,2,городской округ Мысковский
1233,2,городской округ Новокузнецкий
1234,2,городской округ Осинниковский
1235,0,городской округ Полысаевский
1236,2,городской округ Прокопьевский
1237,2,городской округ Тайгинский
1238,2,городской округ Юргинский
1240,0,Беловский муниципальный округ
1241,0,Гурьевский муниципальный округ
1242,1,Ижморский муниципальный округ
1243,0,Кемеровский муниципальный округ
1244,1,Крапивинский муниципальный округ
1246,2,Мариинский муниципальный округ
1249,3,Промышленновский муниципальный округ
1250,0,Таштагольский муниципальный район
1251,1,Тисульский муниципальный округ
1252,2,Топкинский муниципальный округ
1253,1,Тяжинский муниципальный округ
1254,3,Чебулинский муниципальный округ
1256,3,Яйский муниципальный округ
1257,2,Яшкинский муниципальный округ
1258,2,городской округ город Киров
1259,2,городской округ город Вятские Поляны
1260,2,городской округ город Кирово-Чепецк
1261,2,городской округ город Котельнич
1262,2,городской округ город Слободской
1264,1,муниципальный округ Арбажский
1265,1,муниципальный округ Афанасьевский
1266,1,Белохолуницкий муниципальный район
1267,1,муниципальный округ Богородский
1268,1,муниципальный округ Верхнекамский
1269,1,Верхошижемский муниципальный район
1270,1,Вятскополянский муниципальный район
1271,1,Даровской муниципальный район
1272,1,Зуевский муниципальный район
1273,1,муниципальный округ Кикнурский
1274,1,Кильмезский муниципальный район
1275,1,Кирово-Чепецкий муниципальный район
1276,1,Котельничский муниципальный район
1277,1,Куменский муниципальный район
1278,1,муниципальный округ Лебяжский
1279,1,муниципальный округ Лузский
1280,1,Малмыжский муниципальный район
1281,1,муниципальный округ Мурашинский
1282,1,Нагорский муниципальный район
1284,1,Нолинский муниципальный район
1285,2,Омутнинский муниципальный район
1286,1,муниципальный округ Опаринский
1287,1,Оричевский муниципальный район
1288,1,Орловский муниципальный район
1289,1,муниципальный округ Пижанский
1290,1,Подосиновский муниципальный район
1291,1,муниципальный округ Санчурский
1292,1,муниципальный округ Свечинский
1293,1,Слободской муниципальный район
1294,1,Советский муниципальный район
1295,1,Сунский муниципальный район
1296,1,Тужинский муниципальный район
1297,1,муниципальный округ Унинский
1298,1,Уржумский муниципальный район
1299,1,муниципальный округ Фаленский
1300,1,Шабалинский муниципальный район
1301,1,Юрьянский муниципальный район
1302,1,Яранский муниципальный район
1303,2,городской округ город Кострома
1304,2,городской округ город Буй
1305,0,городской округ город Волгореченск
1306,2,городской округ город Галич
1308,2,городской округ город Шарья
1309,1,Антроповский муниципальный район
1310,1,Буйский муниципальный район
1311,1,Вохомский муниципальный район
1312,1,Галичский муниципальный район
1313,1,Кадыйский муниципальный район
1314,1,Кологривский муниципальный округ
1315,2,Костромской муниципальный район
1316,2,Красносельский муниципальный район
1317,1,Макарьевский муниципальный район
1319,1,Межевской муниципальный округ
1320,1,Нейский муниципальный округ
1321,2,муниципальный район город Нерехта и Нерехтский район
1322,1,Октябрьский муниципальный район
1323,1,Островский муниципальный округ
1324,1,Павинский муниципальный округ
1325,1,Парфеньевский муниципальный округ
1326,1,Поназыревский муниципальный округ
1327,1,Пыщугский муниципальный округ
1328,1,Солигаличский муниципальный округ
1329,1,Судиславский муниципальный район
1330,1,Сусанинский муниципальный район
1331,1,Чухломский муниципальный район
1333,2,городской округ город Курган
1334,2,городской округ город Шадринск
1335,1,Альменевский муниципальный округ
1336,1,Белозерский муниципальный округ
1337,1,Варгашинский муниципальный округ
1338,1,Далматовский муниципальный округ
1339,1,Звериноголовский муниципальный округ
1340,1,Каргапольский муниципальный округ
1341,1,Катайский муниципальный округ
1343,1,Куртамышский муниципальный округ
1344,1,Лебяжьевский муниципальный округ
1345,1,муниципальный округ Макушинский
1346,1,Мишкинский муниципальный округ
1347,1,Мокроусовский муниципальный округ
1348,1,Петуховский муниципальный округ
1349,1,Половинский муниципальный округ
1350,1,Притобольный муниципальный округ
1351,1,Сафакулевский муниципальный округ
1352,1,Целинный муниципальный округ
1353,1,Частоозерский муниципальный округ
1355,1,Шатровский муниципальный округ
1356,1,муниципальный округ Шумихинский
1357,1,Щучанский муниципальный округ
1358,1,Юргамышский муниципальный округ
1392,2,Бокситогорский муниципальный район
1393,2,Волосовский муниципальный район
1394,2,Волховский муниципальный район
1395,4,Всеволожский муниципальный район
1396,2,Выборгский муниципальный район
1397,2,Гатчинский муниципальный район
1398,2,Кингисеппский муниципальный район
1399,2,Киришский муниципальный район
1400,2,Кировский муниципальный район
1401,2,Лодейнопольский муниципальный район
1402,4,Ломоносовский муниципальный район
1403,2,Лужский муниципальный район
1404,2,Подпорожский муниципальный район
1405,2,Приозерский муниципальный район
1406,2,Сланцевский муниципальный район
1407,2,Тихвинский муниципальный район
1408,2,Тосненский муниципальный район
1409,2,городской округ Сосновоборский
1410,2,городской округ город Липецк
1411,2,городской округ город Елец
1412,1,Воловский муниципальный район
1413,2,Грязинский муниципальный район
1414,1,Данковский муниципальный район
1415,1,Добринский муниципальный район
1416,1,Добровский муниципальный район
1417,1,Долгоруковский муниципальный район
1419,1,Задонский муниципальный район
1420,1,Измалковский муниципальный район
1421,1,Краснинский муниципальный район
1422,2,Лебедянский муниципальный район
1423,1,Лев-Толстовский муниципальный район
1425,1,Становлянский муниципальный район
1426,1,Тербунский муниципальный район
1427,1,Усманский муниципальный район
1428,1,Хлевенский муниципальный район
1429,1,Чаплыгинский муниципальный район
1430,2,городской округ город Магадан
1431,3,муниципальный округ Ольский
1438,0,муниципальный округ Ягоднинский
1439,4,городской округ Балашиха
1440,2,городской округ Бронницы
1443,4,городской округ Дзержинский
1444,4,городской округ Долгопрудный
1445,4,городской округ Домодедово
1446,2,городской округ Дубна
1447,2,городской округ Егорьевск
1448,4,городской округ Жуковский
1449,2,городской округ Зарайск
1453,4,городской округ Истра
1454,2,городской округ Кашира
1456,4,городской округ Королёв
1457,4,городской округ Котельники
1459,4,городской округ Красногорск
1461,4,городской округ Лобня
1463,2,городской округ Луховицы
1464,4,городской округ Лыткарино
1465,4,городской округ Люберцы
1467,4,городской округ Мытищи
1468,4,городской округ Наро-Фоминский
1472,4,городской округ Подольск
1473,2,городской округ Протвино
1474,2,городской округ Пущино
1475,4,городской округ Реутов
1477,2,городской округ Рузский
1478,2,городской округ Серебряные Пруды
1480,2,городской округ Ступино
1481,2,городской округ Фрязино
1483,4,городской округ Черноголовка
1484,2,городской округ Чехов
1486,2,городской округ Шаховская
1488,4,городской округ Электросталь
1489,2,городской округ Волоколамский
1490,2,городской округ Воскресенск
1491,2,городской округ Дмитровский
1492,2,городской округ Клин
1493,4,городской округ Ленинский
1494,1,городской округ Лотошино
1495,2,городской округ Можайский
1496,4,городской округ Богородский
1500,4,городской округ Раменский
1501,2,городской округ Сергиево-Посадский
1504,2,городской округ Талдомский
1506,2,городской округ город Мурманск
1507,2,муниципальный округ город Апатиты
1508,2,муниципальный округ город Кировск
1509,2,муниципальный округ город Мончегорск
1510,2,муниципальный округ город Оленегорск
1511,2,муниципальный округ город Полярные Зори
1512,2,Ковдорский муниципальный округ
1518,2,Кандалакшский муниципальный район
1519,2,Кольский муниципальный район
1520,1,Ловозерский муниципальный район
1521,2,Печенгский муниципальный округ
1522,1,Терский муниципальный район
1523,4,городской округ город Нижний Новгород
1525,2,городской округ город Бор
1526,2,городской округ город Выкса
1527,2,городской округ город Дзержинск
1528,2,городской округ город Кулебаки
1529,2,городской округ Навашинский
1530,1,городской округ Перевозский
1532,2,городской округ Семеновский
1533,2,городской округ город Шахунья
1534,1,городской округ город Первомайск
1535,1,городской округ Сокольский
1536,1,городской округ город Чкаловск
1537,1,Ардатовский муниципальный округ
1539,2,Балахнинский муниципальный округ
1540,2,Богородский муниципальный округ
1541,1,Большеболдинский муниципальный округ
1542,1,Большемурашкинский муниципальный округ
1543,1,Бутурлинский муниципальный округ
1544,1,Вадский муниципальный округ
1545,1,Варнавинский муниципальный округ
1546,1,Вачский муниципальный округ
1547,1,Ветлужский муниципальный округ
1548,1,Вознесенский муниципальный округ
1549,2,Володарский муниципальный округ
1550,1,городской округ Воротынский
1551,1,Воскресенский муниципальный округ
1552,1,Гагинский муниципальный округ
1553,2,Городецкий муниципальный округ
1554,1,Дальнеконстантиновский муниципальный округ
1555,1,Дивеевский муниципальный округ
1556,1,Княгининский муниципальный округ
1557,1,Ковернинский муниципальный округ
1558,1,Краснобаковский муниципальный округ
1559,1,Краснооктябрьский муниципальный округ
1560,2,Кстовский муниципальный округ
1561,1,Лукояновский муниципальный округ
1562,2,Лысковский муниципальный округ
1563,2,Павловский муниципальный округ
1564,1,Пильнинский муниципальный округ
1565,1,Починковский муниципальный округ
1566,1,Сергачский муниципальный округ
1567,1,Сеченовский муниципальный округ
1568,1,Сосновский муниципальный округ
1569,1,Спасский муниципальный округ
1570,1,Тонкинский муниципальный округ
1571,1,Тоншаевский муниципальный округ
1572,1,Уренский муниципальный округ
1573,1,Шарангский муниципальный округ
1574,1,Шатковский муниципальный округ
1575,2,городской округ Великий Новгород
1577,2,Боровичский муниципальный район
1578,1,Валдайский муниципальный район
1579,1,муниципальный округ Волотовский
1580,1,муниципальный округ Демянский
1581,1,муниципальный округ Крестецкий
1582,1,Любытинский муниципальный район
1583,1,Маловишерский муниципальный район
1584,1,муниципальный округ Марёвский
1585,1,муниципальный округ Мошенской
1586,2,Новгородский муниципальный район
1587,1,Окуловский муниципальный район
1588,1,Парфинский муниципальный район
1589,1,муниципальный округ Пестовский
1590,1,Поддорский муниципальный район
1591,1,муниципальный округ Солецкий
1592,2,Старорусский муниципальный район
1593,1,муниципальный округ Хвойнинский
1594,1,Холмский муниципальный район
1595,2,Чудовский муниципальный район
1596,1,Шимский муниципальный район
1597,4,городской округ город Новосибирск
1598,2,городской округ город Бердск
1599,2,городской округ город Искитим
1600,4,городской округ город Обь
1601,2,городской округ рабочий поселок Кольцово
1602,1,Баганский муниципальный район
1603,2,Барабинский муниципальный район
1604,3,Болотнинский муниципальный район
1605,1,Венгеровский муниципальный район
1606,1,Доволенский муниципальный район
1607,1,Здвинский муниципальный район
1608,2,Искитимский муниципальный район
1609,2,Карасукский муниципальный район
1610,1,Каргатский муниципальный район
1611,1,Колыванский муниципальный район
1612,1,Коченевский муниципальный район
1613,1,Кочковский муниципальный район
1614,1,Краснозерский муниципальный район
1615,2,Куйбышевский муниципальный район
1616,1,Купинский муниципальный район
1617,1,Кыштовский муниципальный район
1618,1,Маслянинский муниципальный район
1619,1,Мошковский муниципальный район
1620,4,Новосибирский муниципальный район
1621,1,Ордынский муниципальный район
1622,1,Северный муниципальный район
1623,1,Сузунский муниципальный район
1624,1,Татарский муниципальный район
1625,1,Тогучинский муниципальный район
1626,1,Убинский муниципальный район
1627,1,Усть-Таркский муниципальный район
1628,1,Чановский муниципальный район
1629,2,Черепановский муниципальный район
1630,1,Чистоозерный муниципальный район
1631,1,Чулымский муниципальный район
1632,2,городской округ город Омск
1633,1,Азовский немецкий национальный муниципальный район
1634,1,Большереченский муниципальный район
1635,1,Большеуковский муниципальный район
1636,1,Горьковский муниципальный район
1637,1,Знаменский муниципальный район
1638,1,Исилькульский муниципальный район
1639,1,Калачинский муниципальный район
1640,1,Колосовский муниципальный район
1641,1,Кормиловский муниципальный район
1642,1,Крутинский муниципальный район
1643,1,Любинский муниципальный район
1644,1,Марьяновский муниципальный район
1645,1,Москаленский муниципальный район
1646,1,Муромцевский муниципальный район
1647,1,Называевский муниципальный район
1648,1,Нижнеомский муниципальный район
1649,1,Нововаршавский муниципальный район
1650,1,Одесский муниципальный район
1651,1,Оконешниковский муниципальный район
1652,2,Омский муниципальный район
1653,1,Павлоградский муниципальный район
1654,1,Полтавский муниципальный район
1655,1,Русско-Полянский муниципальный район
1656,1,Саргатский муниципальный район
1657,1,Седельниковский муниципальный район
1658,1,Таврический муниципальный район
1659,1,Тарский муниципальный район
1660,1,Тевризский муниципальный район
1661,1,Тюкалинский муниципальный район
1662,1,Усть-Ишимский муниципальный район
1663,1,Черлакский муниципальный район
1664,1,Шербакульский муниципальный район
1665,2,городской округ город Оренбург
1666,2,городской округ Абдулинский
1667,2,городской округ город Бугуруслан
1668,0,городской округ город Бузулук
1669,2,городской округ Гайский
1670,2,городской округ Кувандыкский
1671,2,городской округ город Медногорск
1672,2,городской округ город Новотроицк
1673,2,городской округ город Орск
1674,2,городской округ Соль-Илецкий
1675,2,городской округ Сорочинский
1676,2,городской округ Ясненский
1678,1,Адамовский муниципальный район
1679,1,Акбулакский муниципальный район
1680,1,Александровский муниципальный район
1681,1,Асекеевский муниципальный район
1682,1,Беляевский муниципальный район
1683,1,Бугурусланский муниципальный район
1685,1,Грачёвский муниципальный район
1686,1,Домбаровский муниципальный район
1687,1,Илекский муниципальный район
1688,1,Кваркенский муниципальный район
1689,1,Красногвардейский муниципальный район
1690,1,Курманаевский муниципальный район
1691,1,Матвеевский муниципальный район
1692,1,Новоорский муниципальный район
1693,1,Новосергиевский муниципальный район
1694,1,Октябрьский муниципальный район
1696,1,Первомайский муниципальный район
1697,1,Переволоцкий муниципальный район
1698,1,Пономарёвский муниципальный район
1699,1,Сакмарский муниципальный район
1700,1,Саракташский муниципальный район
1701,1,Светлинский муниципальный район
1702,1,Северный муниципальный район
1703,1,Ташлинский муниципальный район
1704,1,Тоцкий муниципальный район
1705,1,Тюльганский муниципальный район
1706,1,Шарлыкский муниципальный район
1707,2,городской округ город Орёл
1708,2,городской округ город Ливны
1709,2,городской округ город Мценск
1710,1,Болховский муниципальный район
1711,1,Верховский муниципальный район
1712,1,Глазуновский муниципальный район
1714,1,Должанский муниципальный район
1715,1,Залегощенский муниципальный район
1717,1,Колпнянский муниципальный район
1718,1,Краснозоренский муниципальный район
1719,1,Кромской муниципальный район
1722,1,Малоархангельский муниципальный район
1724,1,Новодеревеньковский муниципальный район
1725,1,Новосильский муниципальный район
1726,2,муниципальный округ Орловский
1727,1,Покровский муниципальный район
1728,1,Свердловский муниципальный район
1730,1,Троснянский муниципальный район
1731,1,Урицкий муниципальный район
1732,1,Хотынецкий муниципальный район
1733,1,Шаблыкинский муниципальный район
1737,1,Башмаковский муниципальный район
1738,1,Бековский муниципальный район
1739,1,Белинский муниципальный район
1740,1,Бессоновский муниципальный район
1741,1,Вадинский муниципальный район
1742,1,Городищенский муниципальный район
1743,1,Земетчинский муниципальный район
1744,1,Иссинский муниципальный район
1745,1,Каменский муниципальный район
1746,1,Камешкирский муниципальный район
1747,1,Колышлейский муниципальный район
1749,1,Лопатинский муниципальный район
1750,1,Лунинский муниципальный район
1751,1,Малосердобинский муниципальный район
1752,1,Мокшанский муниципальный район
1753,1,Наровчатский муниципальный район
1754,1,Неверкинский муниципальный район
1755,1,Нижнеломовский муниципальный район
1756,1,Никольский муниципальный район
1757,1,Пачелмский муниципальный район
1758,2,Пензенский муниципальный район
1759,1,Сердобский муниципальный район
1760,1,Сосновоборский муниципальный район
1761,1,Спасский муниципальный район
1762,1,Тамалинский муниципальный район
1764,2,городской округ город Псков
1765,2,городской округ город Великие Луки
1766,1,Бежаницкий муниципальный район
1768,1,Гдовский муниципальный район
1769,1,Дедовичский муниципальный район
1770,2,Дновский муниципальный район
1771,1,муниципальный округ Красногородский
1773,1,муниципальный округ Локнянский
1774,1,муниципальный округ Невельский
1775,1,муниципальный округ Новоржевский
1776,1,Новосокольнический муниципальный район
1777,1,муниципальный округ Опочецкий
1778,2,Островский муниципальный район
1780,1,муниципальный округ Печорский
1781,1,Плюсский муниципальный район
1782,1,Порховский муниципальный район
1783,2,Псковский муниципальный район
1784,1,Пустошкинский муниципальный район
1785,1,Пушкиногорский муниципальный район
1786,1,муниципальный округ Пыталовский
1787,1,Себежский муниципальный район
1788,1,муниципальный округ Струго-Красненский
1845,2,городской округ город Рязань
1846,2,городской округ город Касимов
1848,1,городской округ город Скопин
1849,1,Ермишинский муниципальный район
1850,1,Захаровский муниципальный район
1851,1,Кадомский муниципальный район
1852,1,Касимовский муниципальный район
1853,1,Клепиковский муниципальный район
1854,1,Кораблинский муниципальный район
1855,1,Милославский муниципальный район
1856,1,Михайловский муниципальный район
1857,1,Александро-Невский муниципальный район
1858,1,Пителинский муниципальный район
1859,1,Пронский муниципальный район
1860,1,Путятинский муниципальный округ
1861,2,Рыбновский муниципальный район
1862,1,Ряжский муниципальный округ
1863,2,Рязанский муниципальный район
1864,1,Сапожковский муниципальный район
1865,1,Сараевский муниципальный район
1868,1,Спасский муниципальный район
1869,1,Старожиловский муниципальный район
1870,1,Ухоловский муниципальный район
1871,1,Чучковский муниципальный район
1872,1,Шацкий муниципальный район
1873,1,Шиловский муниципальный район
1874,4,городской округ Самара
1875,2,городской округ Жигулевск
1876,2,городской округ Кинель
1877,2,городской округ Новокуйбышевск
1878,2,городской округ Октябрьск
1879,0,городской округ Отрадный
1880,2,городской округ Похвистнево
1881,2,городской округ Сызрань
1883,2,городской округ Чапаевск
1884,1,Алексеевский муниципальный район
1885,2,Безенчукский муниципальный район
1886,1,Богатовский муниципальный район
1887,1,Большеглушицкий муниципальный район
1888,1,Большечерниговский муниципальный район
1889,1,Борский муниципальный район
1890,4,Волжский муниципальный район
1891,1,Елховский муниципальный район
1892,1,Исаклинский муниципальный район
1893,1,Камышлинский муниципальный район
1894,1,Кинельский муниципальный район
1895,1,Кинель-Черкасский муниципальный район
1896,1,Клявлинский муниципальный район
1897,1,Кошкинский муниципальный район
1898,1,Красноармейский муниципальный район
1899,2,Красноярский муниципальный район
1900,2,Нефтегорский муниципальный район
1901,1,Пестравский муниципальный район
1902,1,Похвистневский муниципальный район
1903,1,Приволжский муниципальный район
1904,0,Сергиевский муниципальный район
1905,2,Ставропольский муниципальный район
1906,2,Сызранский муниципальный район
1907,1,Хворостянский муниципальный район
1908,1,Челно-Вершинский муниципальный район
1909,1,Шенталинский муниципальный район
1910,1,Шигонский муниципальный район
1912,1,городской округ город Шиханы
1915,1,Александрово-Гайский муниципальный район
1916,1,Аркадакский муниципальный район
1917,1,Аткарский муниципальный район
1918,1,Базарно-Карабулакский муниципальный район
1919,2,Балаковский муниципальный район
1920,2,Балашовский муниципальный район
1921,1,Балтайский муниципальный район
1922,2,Вольский муниципальный район
1923,1,Воскресенский муниципальный район
1924,1,Дергачевский муниципальный район
1925,1,Духовницкий муниципальный район
1926,1,Екатериновский муниципальный район
1927,1,Ершовский муниципальный район
1928,1,Ивантеевский муниципальный район
1929,1,Калининский муниципальный район
1930,1,Красноармейский муниципальный район
1931,1,Краснокутский муниципальный район
1932,1,Краснопартизанский муниципальный район
1933,1,Лысогорский муниципальный район
1934,1,Марксовский муниципальный район
1935,1,Новобурасский муниципальный район
1936,1,Новоузенский муниципальный район
1937,1,Озинский муниципальный район
1938,1,Перелюбский муниципальный район
1939,1,Петровский муниципальный район
1940,1,Питерский муниципальный район
1941,1,Пугачевский муниципальный район
1942,1,Ровенский муниципальный район
1943,1,Романовский муниципальный район
1944,1,Ртищевский муниципальный район
1945,1,Самойловский муниципальный район
1947,1,Советский муниципальный район
1948,1,Татищевский муниципальный район
1949,1,Турковский муниципальный район
1950,1,Федоровский муниципальный район
1951,1,Хвалынский муниципальный район
1952,2,Энгельсский муниципальный район
1954,3,городской округ Александровск-Сахалинский район
1955,3,городской округ Анивский
1956,3,городской округ Долинский
1957,3,городской округ Корсаковский
1958,3,городской округ Курильский
1959,3,городской округ Макаровский
1960,3,городской округ Невельский
1961,0,городской округ Ногликский
1962,0,городской округ Охинский
1963,3,городской округ Поронайский
1965,3,городской округ Смирныховский
1966,3,городской округ Томаринский
1967,3,городской округ Тымовский
1968,0,городской округ Углегорский
1969,3,городской округ Холмский
1970,0,городской округ Южно-Курильский
1971,4,городской округ город Екатеринбург
1972,2,городской округ город Алапаевск
1973,2,городской округ Артемовский
1974,2,городской округ Асбестовский
1975,1,городской округ Малышевский
1976,2,городской округ Рефтинский
1977,2,городской округ Березовский
1978,2,городской округ Богданович
1979,2,городской округ Верхняя Пышма
1980,2,городской округ Среднеуральск
1981,2,городской округ Верхнесалдинский
1982,2,городской округ Заречный
1983,2,городской округ Ивдельский
1984,2,городской округ Пелым
1985,2,городской округ город Ирбит
1986,2,городской округ город Каменск-Уральский
1987,2,городской округ Камышловский
1988,2,городской округ Карпинск
1989,1,городской округ Волчанский
1990,0,городской округ Качканарский
1991,2,городской округ Кировградский
1992,2,городской округ Верхний Тагил
1993,2,городской округ Краснотурьинск
1994,2,городской округ Красноуральск
1995,2,городской округ Красноуфимск
1996,2,городской округ Кушвинский
1997,2,городской округ Верхняя Тура
1999,2,городской округ Невьянский
2000,2,городской округ город Нижний Тагил
2001,2,городской округ Нижняя Салда
2002,2,городской округ Нижнетуринский
2004,2,городской округ Первоуральск
2005,2,городской округ Полевской
2006,2,городской округ Ревда
2007,1,городской округ Дегтярск
2008,2,городской округ Режевской
2009,0,городской округ Североуральский
2010,2,городской округ Серовский
2011,2,городской округ Сухой Лог
2012,2,городской округ Тавдинский
2015,2,городской округ Алапаевское
2017,1,городской округ Артинский
2018,1,городской округ Ачитский
2019,2,городской округ Белоярский
2021,1,городской округ Верхотурский
2022,1,городской округ Гаринский
2023,1,городской округ Ирбитское
2024,2,городской округ Каменский
2025,3,городской округ Красноуфимский округ
2027,2,городской округ Бисертский
2028,1,городской округ Новолялинский
2030,1,городской округ Пышминский
2031,1,городской округ Сосьвинский
2032,2,городской округ Сысертский
2033,2,городской округ Арамильский
2034,2,городской округ Талицкий
2035,1,городской округ Тугулымский
2036,1,городской округ Туринский
2037,1,городской округ Шалинский
2039,1,Байкаловский муниципальный район
2040,3,Камышловский муниципальный район
2041,1,Слободо-Туринский муниципальный район
2042,1,Нижнесергинский муниципальный район
2043,1,Таборинский муниципальный район
2044,2,городской округ город Смоленск
2045,2,городской округ город Десногорск
2046,1,Велижский муниципальный район
2047,2,Вяземский муниципальный район
2048,2,Гагаринский муниципальный район
2049,1,Глинковский муниципальный район
2050,1,Демидовский муниципальный район
2051,2,Дорогобужский муниципальный район
2052,1,Духовщинский муниципальный район
2053,1,Ельнинский муниципальный район
2054,1,Ершичский муниципальный район
2055,1,Кардымовский муниципальный район
2056,1,Краснинский муниципальный район
2057,1,Монастырщинский муниципальный район
2058,1,Новодугинский муниципальный район
2059,1,Починковский муниципальный район
2060,2,Рославльский муниципальный район
2061,1,Руднянский муниципальный район
2062,2,Сафоновский муниципальный район
2063,4,Смоленский муниципальный район
2064,1,Сычевский муниципальный район
2065,1,Темкинский муниципальный район
2066,1,Угранский муниципальный район
2067,1,Хиславичский муниципальный район
2068,1,Холм-Жирковский муниципальный район
2069,1,Шумячский муниципальный район
2070,2,Ярцевский муниципальный район
2072,2,городской округ город Кирсанов
2073,2,городской округ город Котовск
2074,2,городской округ город Мичуринск
2075,2,городской округ город Моршанск
2076,2,городской округ город Рассказово
2077,1,городской округ город Уварово
2078,1,Бондарский муниципальный округ
2079,1,Гавриловский муниципальный округ
2080,1,Жердевский муниципальный округ
2081,1,Знаменский муниципальный округ
2082,1,Инжавинский муниципальный округ
2085,1,Мордовский муниципальный округ
2087,1,Мучкапский муниципальный округ
2088,1,Никифоровский муниципальный округ
2089,1,Первомайский муниципальный округ
2090,1,Петровский муниципальный округ
2091,1,Пичаевский муниципальный округ
2093,1,Ржаксинский муниципальный округ
2094,1,Сампурский муниципальный округ
2095,1,Сосновский муниципальный округ
2096,1,Староюрьевский муниципальный округ
2098,1,Токарёвский муниципальный округ
2100,1,Умётский муниципальный округ
2101,2,городской округ город Тверь
2105,2,городской округ Осташковский
2108,2,городской округ город Торжок
2109,2,городской округ Удомельский
2110,1,муниципальный округ Андреапольский
2111,1,муниципальный округ Бежецкий
2112,1,муниципальный округ Бельский
2113,2,муниципальный округ Бологовский
2114,1,муниципальный округ Весьегонский
2116,1,муниципальный округ Жарковский
2117,1,муниципальный округ Западнодвинский
2118,1,муниципальный округ Зубцовский
2119,2,муниципальный округ Калининский
2120,1,муниципальный округ Калязинский
2121,1,городской округ Кашинский
2122,1,муниципальный округ Кесовогорский
2124,2,муниципальный округ Конаковский
2125,1,муниципальный округ Краснохолмский
2126,1,муниципальный округ Кувшиновский
2127,1,муниципальный округ Лесной
2128,1,муниципальный округ Лихославльский
2129,1,муниципальный округ Максатихинский
2130,3,муниципальный округ Молоковский
2131,2,городской округ Нелидовский
2132,1,муниципальный округ Оленинский
2133,1,муниципальный округ Пеновский
2134,1,муниципальный округ Рамешковский
2136,1,муниципальный округ Сандовский
2137,1,муниципальный округ Селижаровский
2138,1,муниципальный округ Сонковский
2139,1,муниципальный округ Спировский
2140,1,муниципальный округ Старицкий
2142,1,муниципальный округ Торопецкий
2143,1,муниципальный округ Фировский
2144,2,городской округ город Томск
2145,1,городской округ город Кедровый
2146,0,городской округ город Стрежевой
2148,0,Александровский муниципальный район
2149,1,Асиновский муниципальный район
2150,1,Бакчарский муниципальный район
2151,3,Верхнекетский муниципальный район
2152,1,Зырянский муниципальный район
2153,0,Каргасокский муниципальный район
2154,1,Кожевниковский муниципальный район
2155,3,Колпашевский муниципальный район
2156,1,Кривошеинский муниципальный район
2157,1,Молчановский муниципальный район
2158,0,Парабельский муниципальный район
2159,1,Первомайский муниципальный район
2160,1,Тегульдетский муниципальный район
2161,2,Томский муниципальный район
2162,1,Чаинский муниципальный район
2163,1,Шегарский муниципальный район
2164,2,городской округ город Тула
2165,2,городской округ город Алексин
2167,2,городской округ город Донской
2168,2,городской округ город Ефремов
2169,2,городской округ город Новомосковск
2171,1,Арсеньевский муниципальный район
2172,1,Белевский муниципальный район
2173,1,Богородицкий муниципальный район
2174,1,Веневский муниципальный район
2175,1,Воловский муниципальный район
2176,1,Дубенский муниципальный район
2177,1,Заокский муниципальный район
2178,1,Каменский муниципальный район
2179,1,Кимовский муниципальный район
2180,1,Киреевский муниципальный район
2181,1,Куркинский муниципальный район
2182,1,Одоевский муниципальный район
2183,1,Плавский муниципальный район
2184,1,Суворовский муниципальный район
2185,1,Тепло-Огаревский муниципальный район
2186,2,Узловский муниципальный район
2187,1,Чернский муниципальный район
2188,2,Щекинский муниципальный район
2189,2,Ясногорский муниципальный район
2190,4,городской округ город Тюмень
2191,2,городской округ Заводоуковский
2192,2,городской округ город Ишим
2193,2,городской округ город Тобольск
2194,2,городской округ город Ялуторовск
2195,1,Абатский муниципальный район
2196,1,Армизонский муниципальный район
2197,1,Аромашевский муниципальный район
2198,1,Бердюжский муниципальный район
2199,3,Вагайский муниципальный район
2200,1,Викуловский муниципальный район
2201,1,городской округ Голышмановский
2202,1,Исетский муниципальный район
2203,1,Ишимский муниципальный район
2204,1,Казанский муниципальный район
2205,1,Нижнетавдинский муниципальный район
2206,1,Омутинский муниципальный район
2207,1,Сладковский муниципальный район
2208,1,Сорокинский муниципальный район
2210,4,Тюменский муниципальный район
2211,0,Уватский муниципальный район
2212,1,Упоровский муниципальный район
2213,1,Юргинский муниципальный район
2215,1,Ярковский муниципальный район
2216,2,городской округ город Ханты-Мансийск
2217,0,городской округ город Когалым
2218,0,городской округ город Лангепас
2219,0,городской округ город Мегион
2220,0,городской округ город Нефтеюганск
2221,2,городской округ город Нижневартовск
2222,2,городской округ город Нягань
2223,0,городской округ город Покачи
2224,0,городской округ город Пыть-Ях
2225,0,городской округ город Радужный
2226,4,городской округ город Сургут
2227,2,городской округ город Урай
2228,2,городской округ город Югорск
2229,0,Белоярский муниципальный район
2230,3,Березовский муниципальный район
2231,0,Кондинский муниципальный район
2232,0,Нефтеюганский муниципальный район
2233,0,Нижневартовский муниципальный район
2234,0,Октябрьский муниципальный район
2235,2,Советский муниципальный район
2236,0,Сургутский муниципальный район
2237,0,Ханты-Мансийский муниципальный район
2238,4,городской округ город Салехард
2241,0,городской округ город Муравленко
2242,0,городской округ город Новый Уренгой
2243,0,городской округ город Ноябрьск
2244,0,муниципальный округ Красноселькупский район
2245,0,муниципальный округ Надымский район
2248,0,муниципальный округ Тазовский район
2249,3,муниципальный округ Шурышкарский район
2250,0,муниципальный округ Ямальский район
2251,2,городской округ город Ульяновск
2252,2,городской округ город Димитровград
2253,2,городской округ город Новоульяновск
2254,1,Базарносызганский муниципальный район
2255,1,Барышский муниципальный район
2256,1,Вешкаймский муниципальный район
2257,1,Инзенский муниципальный район
2258,1,Карсунский муниципальный район
2259,1,Кузоватовский муниципальный район
2260,1,Майнский муниципальный район
2262,1,Николаевский муниципальный район
2264,1,Новоспасский муниципальный район
2265,1,Павловский муниципальный район
2266,1,Радищевский муниципальный район
2267,1,Сенгилеевский муниципальный район
2268,1,Старокулаткинский муниципальный район
2269,1,Старомайнский муниципальный район
2270,1,Сурский муниципальный район
2271,1,Тереньгульский муниципальный район
2272,1,Ульяновский муниципальный район
2274,1,Чердаклинский муниципальный район
2275,2,городской округ Челябинский
2276,2,городской округ Верхнеуфалейский
2278,2,городской округ Карабашский
2279,2,городской округ Копейский
2280,2,городской округ Кыштымский
2281,2,городской округ Магнитогорский
2282,2,городской округ Миасский
2286,2,городской округ Троицкий
2287,2,городской округ Усть-Катавский
2288,2,городской округ Чебаркульский
2289,2,городской округ Южноуральский
2292,1,Аргаяшский муниципальный район
2293,2,Ашинский муниципальный район
2294,1,Брединский муниципальный район
2295,1,Варненский муниципальный район
2296,1,Верхнеуральский муниципальный район
2297,1,Еманжелинский муниципальный район
2298,1,Еткульский муниципальный район
2299,2,Карталинский муниципальный район
2300,1,Каслинский муниципальный район
2301,1,Катав-Ивановский муниципальный район
2302,1,Кизильский муниципальный район
2303,2,Коркинский муниципальный округ
2304,1,Красноармейский муниципальный район
2305,1,Кунашакский муниципальный район
2307,1,Нагайбакский муниципальный район
2308,1,Нязепетровский муниципальный район
2309,1,Октябрьский муниципальный район
2310,1,Пластовский муниципальный район
2311,2,Саткинский муниципальный район
2312,2,Сосновский муниципальный район
2314,1,Увельский муниципальный район
2315,1,Уйский муниципальный район
2316,1,Чебаркульский муниципальный район
2317,1,Чесменский муниципальный район
2318,2,городской округ город Ярославль
2320,2,городской округ город Рыбинск
2321,1,Большесельский муниципальный район
2322,1,Борисоглебский муниципальный район
2323,1,Брейтовский муниципальный район
2324,1,Гаврилов-Ямский муниципальный район
2325,1,Даниловский муниципальный район
2326,1,Любимский муниципальный район
2327,1,Мышкинский муниципальный район
2328,1,Некоузский муниципальный район
2329,1,Некрасовский муниципальный район
2330,1,Первомайский муниципальный район
2332,1,Пошехонский муниципальный район
2333,2,Ростовский муниципальный район
2334,3,Рыбинский муниципальный район
2335,2,Тутаевский муниципальный район
2336,2,Угличский муниципальный район
2337,4,Ярославский муниципальный район
2338,2,городской округ город Биробиджан
2339,3,Биробиджанский муниципальный район
2340,3,Ленинский муниципальный район
2341,0,Облученский муниципальный район
2342,3,Октябрьский муниципальный район
2343,2,Смидовичский муниципальный район
2344,0,городской округ Анадырь
2345,0,городской округ Эгвекинот
2348,0,Анадырский муниципальный район
2349,0,Билибинский муниципальный район
2351,4,внутригородская территория города федерального значения муниципальный округ Коломна
2352,4,внутригородская территория города федерального значения муниципальный округ Сенной округ
2353,4,внутригородская территория города федерального значения муниципальный округ Адмиралтейский округ
2354,4,внутригородская территория города федерального значения муниципальный округ Семеновский
2355,4,внутригородская территория города федерального значения муниципальный округ Измайловское
2356,4,внутригородская территория города федерального значения муниципальный округ Екатерингофский
2357,4,внутригородская территория города федерального значения муниципальный округ № 7
2358,4,внутригородская территория города федерального значения муниципальный округ Васильевский
2359,4,внутригородская территория города федерального значения муниципальный округ Гавань
2360,4,внутригородская территория города федерального значения муниципальный округ Морской
2361,4,внутригородская территория города федерального значения муниципальный округ Остров Декабристов
2362,2,внутригородская территория города федерального значения поселок Левашово
2363,4,внутригородская территория города федерального значения поселок Парголово
2364,4,внутригородская территория города федерального значения муниципальный округ Сампсониевское
2365,4,внутригородская территория города федерального значения муниципальный округ Светлановское
2366,4,внутригородская территория города федерального значения муниципальный округ Сосновское
2367,4,внутригородская территория города федерального значения муниципальный округ № 15
2368,4,внутригородская территория города федерального значения муниципальный округ Сергиевское
2369,4,внутригородская территория города федерального значения муниципальный округ Шувалово-Озерки
2370,4,внутригородская территория города федерального значения поселок Лисий Нос
2371,4,внутригородская территория города федерального значения муниципальный округ Лахта-Ольгино
2372,4,внутригородская территория города федерального значения муниципальный округ № 65
2373,4,внутригородская территория города федерального значения муниципальный округ Ланское
2374,4,внутригородская территория города федерального значения муниципальный округ Комендантский аэродром
2375,4,внутригородская территория города федерального значения муниципальный округ Озеро Долгое
2376,4,внутригородская территория города федерального значения муниципальный округ Юнтолово
2377,4,внутригородская территория города федерального значения муниципальный округ Коломяги
2378,4,внутригородская территория города федерального значения муниципальный округ Гражданка
2379,4,внутригородская территория города федерального значения муниципальный округ Академическое
2380,4,внутригородская территория города федерального значения муниципальный округ Финляндский округ
2381,4,внутригородская территория города федерального значения муниципальный округ № 21
2382,4,внутригородская территория города федерального значения муниципальный округ Пискаревка
2383,4,внутригородская территория города федерального значения муниципальный округ Северный
2384,4,внутригородская территория города федерального значения муниципальный округ Прометей
2385,4,внутригородская территория города федерального значения муниципальный округ Княжево
2386,4,внутригородская территория города федерального значения муниципальный округ Ульянка
2387,4,внутригородская территория города федерального значения муниципальный округ Дачное
2388,4,внутригородская территория города федерального значения муниципальный округ Автово
2389,4,внутригородская территория города федерального значения муниципальный округ Нарвский округ
2390,4,внутригородская территория города федерального значения муниципальный округ Красненькая речка
2391,4,внутригородская территория города федерального значения муниципальный округ Морские ворота
2392,4,внутригородская территория города федерального значения город Колпино
2393,4,внутригородская территория города федерального значения поселок Металлострой
2395,2,внутригородская территория города федерального значения поселок Понтонный
2398,4,внутригородская территория города федерального значения муниципальный округ Полюстрово
2399,4,внутригородская территория города федерального значения муниципальный округ Большая Охта
2400,4,внутригородская территория города федерального значения муниципальный округ Малая Охта
2401,4,внутригородская территория города федерального значения муниципальный округ Пороховые
2402,4,внутригородская территория города федерального значения муниципальный округ Ржевка
2403,2,внутригородская территория города федерального значения город Красное Село
2404,4,внутригородская территория города федерального значения муниципальный округ Юго-Запад
2405,4,внутригородская территория города федерального значения муниципальный округ Южно-Приморский
2406,4,внутригородская территория города федерального значения муниципальный округ Сосновая поляна
2407,4,внутригородская территория города федерального значения муниципальный округ Урицк
2408,2,внутригородская территория города федерального значения муниципальный округ Константиновское
2409,4,внутригородская территория города федерального значения муниципальный округ Горелово
2410,2,внутригородская территория города федерального значения город Кронштадт
2411,2,внутригородская территория города федерального значения город Зеленогорск
2412,4,внутригородская территория города федерального значения город Сестрорецк
2416,4,внутригородская территория города федерального значения поселок Песочный
2422,2,внутригородская территория города федерального значения город Ломоносов
2423,4,внутригородская территория города федерального значения муниципальный округ Московская застава
2424,4,внутригородская территория города федерального значения муниципальный округ Гагаринское
2425,4,внутригородская территория города федерального значения муниципальный округ Новоизмайловское
2426,4,внутригородская территория города федерального значения муниципальный округ Пулковский меридиан
2427,4,внутригородская территория города федерального значения муниципальный округ Звездное
2428,4,внутригородская территория города федерального значения муниципальный округ Невская застава
2429,4,внутригородская территория города федерального значения муниципальный округ Ивановский
2430,4,внутригородская территория города федерального значения муниципальный округ Обуховский
2431,4,внутригородская территория города федерального значения муниципальный округ Рыбацкое
2432,4,внутригородская территория города федерального значения муниципальный округ Народный
2433,4,внутригородская территория города федерального значения муниципальный округ № 54
2434,4,внутригородская территория города федерального значения муниципальный округ Невский округ
2435,4,внутригородская территория города федерального значения муниципальный округ Оккервиль
2436,4,внутригородская территория города федерального значения муниципальный округ Правобережный
2437,4,внутригородская территория города федерального значения город Павловск
2439,4,внутригородская территория города федерального значения муниципальный округ Введенский
2440,4,внутригородская территория города федерального значения муниципальный округ Кронверкское
2441,4,внутригородская территория города федерального значения муниципальный округ Посадский
2442,4,внутригородская территория города федерального значения муниципальный округ Аптекарский остров
2443,4,внутригородская территория города федерального значения муниципальный округ округ Петровский
2444,4,внутригородская территория города федерального значения муниципальный округ Чкаловское
2445,4,внутригородская территория города федерального значения город Петергоф
2446,4,внутригородская территория города федерального значения поселок Стрельна
2447,4,внутригородская территория города федерального значения город Пушкин
2449,4,внутригородская территория города федерального значения поселок Шушары
2450,4,внутригородская территория города федерального значения муниципальный округ Волковское
2451,4,внутригородская территория города федерального значения муниципальный округ № 72
2452,4,внутригородская территория города федерального значения муниципальный округ Купчино
2453,4,внутригородская территория города федерального значения муниципальный округ Георгиевский
2454,4,внутригородская территория города федерального значения муниципальный округ № 75
2455,4,внутригородская территория города федерального значения муниципальный округ Балканский
2456,4,внутригородская территория города федерального значения муниципальный округ Дворцовый округ
2457,4,внутригородская территория города федерального значения муниципальный округ № 78
2458,4,внутригородская территория города федерального значения муниципальный округ Литейный округ
2459,4,внутригородская территория города федерального значения муниципальный округ Смольнинское
2460,4,внутригородская территория города федерального значения муниципальный округ Лиговка-Ямская
2461,4,внутригородская территория города федерального значения муниципальный округ Владимирский округ
2462,4,внутригородская территория города федерального значения муниципальный округ Богородское
2463,4,внутригородская территория города федерального значения муниципальный округ Вешняки
2464,4,внутригородская территория города федерального значения муниципальный округ Восточное Измайлово
2465,4,внутригородская территория города федерального значения муниципальный округ Восточный
2466,4,внутригородская территория города федерального значения муниципальный округ Гольяново
2467,4,внутригородская территория города федерального значения муниципальный округ Ивановское
2468,4,внутригородская территория города федерального значения муниципальный округ Измайлово
2469,4,внутригородская территория города федерального значения муниципальный округ Косино-Ухтомский
2470,4,внутригородская территория города федерального значения муниципальный округ Новогиреево
2471,4,внутригородская территория города федерального значения муниципальный округ Новокосино
2472,4,внутригородская территория города федерального значения муниципальный округ Метрогородок
2473,4,внутригородская территория города федерального значения муниципальный округ Перово
2474,4,внутригородская территория города федерального значения муниципальный округ Северное Измайлово
2475,4,внутригородская территория города федерального значения муниципальный округ Соколиная гора
2476,4,внутригородская территория города федерального значения муниципальный округ Сокольники
2477,4,внутригородская территория города федерального значения муниципальный округ Преображенское
2478,4,внутригородская территория города федерального значения муниципальный округ Внуково
2479,4,внутригородская территория города федерального значения муниципальный округ Дорогомилово
2480,4,внутригородская территория города федерального значения муниципальный округ Крылатское
2481,4,внутригородская территория города федерального значения муниципальный округ Кунцево
2482,4,внутригородская территория города федерального значения муниципальный округ Можайский
2483,4,внутригородская территория города федерального значения муниципальный округ Ново-Переделкино
2484,4,внутригородская территория города федерального значения муниципальный округ Очаково-Матвеевское
2485,4,внутригородская территория города федерального значения муниципальный округ Проспект Вернадского
2486,4,внутригородская территория города федерального значения муниципальный округ Раменки
2487,4,внутригородская территория города федерального значения муниципальный округ Солнцево
2488,4,внутригородская территория города федерального значения муниципальный округ Тропарево-Никулино
2489,4,внутригородская территория города федерального значения муниципальный округ Филевский парк
2490,4,внутригородская территория города федерального значения муниципальный округ Фили-Давыдково
2491,4,внутригородская территория города федерального значения муниципальный округ Крюково
2492,4,внутригородская территория города федерального значения муниципальный округ Матушкино
2493,4,внутригородская территория города федерального значения муниципальный округ Силино
2494,4,внутригородская территория города федерального значения муниципальный округ Аэропорт
2495,4,внутригородская территория города федерального значения муниципальный округ Беговой
2496,4,внутригородская территория города федерального значения муниципальный округ Бескудниковский
2497,4,внутригородская территория города федерального значения муниципальный округ Войковский
2498,4,внутригородская территория города федерального значения муниципальный округ Восточное Дегунино
2499,4,внутригородская территория города федерального значения муниципальный округ Головинский
2500,4,внутригородская территория города федерального значения муниципальный округ Дмитровский
2501,4,внутригородская территория города федерального значения муниципальный округ Западное Дегунино
2502,4,внутригородская территория города федерального значения муниципальный округ Коптево
2503,4,внутригородская территория города федерального значения муниципальный округ Левобережный
2504,4,внутригородская территория города федерального значения муниципальный округ Молжаниновский
2505,4,внутригородская территория города федерального значения муниципальный округ Савеловский
2506,4,внутригородская территория города федерального значения муниципальный округ Сокол
2507,4,внутригородская территория города федерального значения муниципальный округ Тимирязевский
2508,4,внутригородская территория города федерального значения муниципальный округ Ховрино
2509,4,внутригородская территория города федерального значения муниципальный округ Хорошевский
2510,4,внутригородская территория города федерального значения муниципальный округ Алексеевский
2511,4,внутригородская территория города федерального значения муниципальный округ Алтуфьевский
2512,4,внутригородская территория города федерального значения муниципальный округ Бабушкинский
2513,4,внутригородская территория города федерального значения муниципальный округ Бибирево
2514,4,внутригородская территория города федерального значения муниципальный округ Бутырский
2515,4,внутригородская территория города федерального значения муниципальный округ Лианозово
2516,4,внутригородская территория города федерального значения муниципальный округ Лосиноостровский
2517,4,внутригородская территория города федерального значения муниципальный округ Марфино
2518,4,внутригородская территория города федерального значения муниципальный округ Марьина роща
2519,4,внутригородская территория города федерального значения муниципальный округ Останкинский
2520,4,внутригородская территория города федерального значения муниципальный округ Отрадное
2521,4,внутригородская территория города федерального значения муниципальный округ Ростокино
2522,4,внутригородская территория города федерального значения муниципальный округ Свиблово
2523,4,внутригородская территория города федерального значения муниципальный округ Северное Медведково
2524,4,внутригородская территория города федерального значения муниципальный округ Северный
2525,4,внутригородская территория города федерального значения муниципальный округ Южное Медведково
2526,4,внутригородская территория города федерального значения муниципальный округ Ярославский
2527,4,внутригородская территория города федерального значения муниципальный округ Куркино
2528,4,внутригородская территория города федерального значения муниципальный округ Митино
2529,4,внутригородская территория города федерального значения муниципальный округ Покровское-Стрешнево
2530,4,внутригородская территория города федерального значения муниципальный округ Северное Тушино
2531,4,внутригородская территория города федерального значения муниципальный округ Строгино
2532,4,внутригородская территория города федерального значения муниципальный округ Хорошево-Мневники
2533,4,внутригородская территория города федерального значения муниципальный округ Щукино
2534,4,внутригородская территория города федерального значения муниципальный округ Южное Тушино
2535,4,внутригородская территория города федерального значения муниципальный округ Арбат
2536,4,внутригородская территория города федерального значения муниципальный округ Басманный
2537,4,внутригородская территория города федерального значения муниципальный округ Замоскворечье
2538,4,внутригородская территория города федерального значения муниципальное образование Савелки
2539,4,внутригородская территория города федерального значения муниципальный округ Красносельский
2540,4,внутригородская территория города федерального значения муниципальный округ Мещанский
2541,4,внутригородская территория города федерального значения муниципальный округ Пресненский
2542,4,внутригородская территория города федерального значения муниципальный округ Таганский
2543,4,внутригородская территория города федерального значения муниципальный округ Тверской
2544,4,внутригородская территория города федерального значения муниципальный округ Хамовники
2545,4,внутригородская территория города федерального значения муниципальный округ Якиманка
2546,4,внутригородская территория города федерального значения муниципальный округ Выхино-Жулебино
2547,4,внутригородская территория города федерального значения муниципальный округ Капотня
2548,4,внутригородская территория города федерального значения муниципальный округ Кузьминки
2549,4,внутригородская территория города федерального значения муниципальный округ Лефортово
2550,4,внутригородская территория города федерального значения муниципальный округ Люблино
2551,4,внутригородская территория города федерального значения муниципальный округ Марьино
2552,4,внутригородская территория города федерального значения муниципальный округ Некрасовка
2553,4,внутригородская территория города федерального значения муниципальный округ Нижегородский
2554,4,внутригородская территория города федерального значения муниципальный округ Печатники
2555,4,внутригородская территория города федерального значения муниципальный округ Рязанский
2556,4,внутригородская территория города федерального значения муниципальный округ Текстильщики
2557,4,внутригородская территория города федерального значения муниципальный округ Южнопортовый
2558,4,внутригородская территория города федерального значения муниципальный округ Академический
2559,4,внутригородская территория города федерального значения муниципальный округ Гагаринский
2560,4,внутригородская территория города федерального значения муниципальный округ Зюзино
2561,4,внутригородская территория города федерального значения муниципальный округ Коньково
2562,4,внутригородская территория города федерального значения муниципальный округ Котловка
2563,4,внутригородская территория города федерального значения муниципальный округ Ломоносовский
2564,4,внутригородская территория города федерального значения муниципальный округ Обручевский
2565,4,внутригородская территория города федерального значения муниципальный округ Северное Бутово
2566,4,внутригородская территория города федерального значения муниципальный округ Теплый Стан
2567,4,внутригородская территория города федерального значения муниципальный округ Черемушки
2568,4,внутригородская территория города федерального значения муниципальный округ Южное Бутово
2569,4,внутригородская территория города федерального значения муниципальный округ Ясенево
2570,4,внутригородская территория города федерального значения муниципальный округ Бирюлево Восточное
2571,4,внутригородская территория города федерального значения муниципальный округ Бирюлево Западное
2572,4,внутригородская территория города федерального значения муниципальный округ Братеево
2573,4,внутригородская территория города федерального значения муниципальный округ Даниловский
2574,4,внутригородская территория города федерального значения муниципальный округ Донской
2575,4,внутригородская территория города федерального значения муниципальный округ Зябликово
2576,4,внутригородская территория города федерального значения муниципальный округ Москворечье-Сабурово
2577,4,внутригородская территория города федерального значения муниципальный округ Нагатино-Садовники
2578,4,внутригородская территория города федерального значения муниципальный округ Нагатинский затон
2579,4,внутригородская территория города федерального значения муниципальный округ Нагорный
2580,4,внутригородская территория города федерального значения муниципальный округ Орехово-Борисово Северное
2581,4,внутригородская территория города федерального значения муниципальный округ Орехово-Борисово Южное
2582,4,внутригородская территория города федерального значения муниципальный округ Царицыно
2583,4,внутригородская территория города федерального значения муниципальный округ Чертаново Северное
2584,4,внутригородская территория города федерального значения муниципальный округ Чертаново Центральное
2585,4,внутригородская территория города федерального значения муниципальный округ Чертаново Южное
2586,4,внутригородская территория города федерального значения муниципальный округ Старое Крюково
2587,4,внутригородская территория города федерального значения городской округ Троицк
2588,4,внутригородская территория города федерального значения городской округ Щербинка
2589,4,внутригородская территория города федерального значения поселение Внуковское
2590,4,внутригородская территория города федерального значения поселение Воскресенское
2591,2,внутригородская территория города федерального значения поселение Вороновское
2592,4,внутригородская территория города федерального значения поселение Десеновское
2593,4,внутригородская территория города федерального значения поселение Киевский
2595,4,внутригородская территория города федерального значения поселение Кокошкино
2596,2,внутригородская территория города федерального значения поселение Краснопахорское
2597,4,внутригородская территория города федерального значения поселение Марушкинское
2598,2,внутригородская территория города федерального значения поселение Михайлово-Ярцевское
2599,4,внутригородская территория города федерального значения поселение Московский
2600,4,"внутригородская территория города федерального значения поселение Мосрентген"""""
2601,2,внутригородская территория города федерального значения поселение Новофедоровское
2602,4,внутригородская территория города федерального значения поселение Первомайское
2604,4,внутригородская территория города федерального значения поселение Рязановское
2605,4,внутригородская территория города федерального значения поселение Сосенское
2606,4,внутригородская территория города федерального значения поселение Филимонковское
2607,2,внутригородская территория города федерального значения поселение Щаповское
2618,1,Мантуровский муниципальный округ
2619,2,городской округ город Переславль-Залесский
2620,2,городской округ Соликамский
2621,2,городской округ город Березники
2644,2,городской округ Серпухов
2646,2,городской округ город Обнинск
2647,2,Боровский муниципальный район
2648,2,городской округ Лосино-Петровский
2649,2,городской округ Щёлково
2651,4,городской округ Одинцовский
2652,2,городской округ Орехово-Зуевский
2710,2,городской округ Вышневолоцкий
2808,2,городской округ Коломна
2809,2,муниципальный округ Кунгурский
2813,2,городской округ Шатура
2814,4,городской округ Пушкинский
2872,3,муниципальный округ Приуральский район
2876,2,городской округ город-курорт Кисловодск
2879,0,городской округ город Губкинский
2880,2,городской округ город Лабытнанги
2881,2,Предгорный муниципальный округ
2882,0,муниципальный округ Пуровский район
2883,2,муниципальный округ Кимрский
2884,2,муниципальный округ Ржевский
2885,3,муниципальный округ Кудымкарский
2886,2,муниципальный округ Губахинский
2887,2,городской округ город Саратов
3005,2,городской округ город Арзамас
3007,0,Прокопьевский муниципальный округ
3009,2,городской округ город Тамбов
3011,2,городской округ Златоустовский
3012,1,Кусинский муниципальный район
3013,4,городской округ Солнечногорск
