rule,sparsifier,edges,deg_mean,deg_max,components,isolates,clustering,same_region_share,assort_types,assort_logpop,leiden_Q,leiden_K,sim_sec,k4_SW,k4_CH,k4_S_Dbw,k4_AVI,k4_AVU,k4_ANUI,k4_MQ,k4_Q,k6_SW,k6_CH,k6_S_Dbw,k6_AVI,k6_AVU,k6_ANUI,k6_MQ,k6_Q,k6_boot_ari,sec
cos_profile,knn15_mutual,9448,9.373015873015873,15,2,0,0.31386487190058576,0.27825994919559693,0.7548701385116897,0.7445191841305591,0.7617228309237087,15,0.006140947341918945,0.20346736702442586,428.5426010974272,0.7956555707402272,0.8480417217585474,0.5368579212636183,0.5827352373728645,3.3921668870341897,0.5154099480743102,0.14734268377136386,328.98835240571765,0.7806406673305218,0.7703238049806372,0.5429575600404416,0.5431497288702667,4.621942829883824,0.5729919273845806,0.6697297938624666,3.6
cos_profile,knn15,20797,20.631944444444443,39,1,0,0.3212907935757764,0.22700389479251815,0.7035864510380772,0.6836137726709733,0.6617159983446788,7,0.006140947341918945,0.19602855123027013,426.93724097871444,0.8088602166044869,0.8096704941246381,0.5516511697244233,0.5596843174355064,3.2386819764985524,0.5054646649122839,0.14342771235248905,326.70250644963716,0.783612889085639,0.734847913752867,0.59434705351093,0.5114637298086444,4.409087482517202,0.5469521982703548,0.7835760083978824,3.2
cos_profile,epsilon,9448,9.373015873015873,140,1539,1464,0.11014015594364258,0.6825783234546994,0.6048912800930093,0.28992778376219525,0.3892001590201426,1545,0.006140947341918945,0.15206927261867317,339.2011966613841,0.8700934086313081,0.9258171053571321,0.5000000000000253,0.6328605459732657,3.7032684214285285,0.022262370320015767,0.09799706051681256,293.6677252427629,0.7733288839347173,0.8431111105707506,0.6295583529501326,0.5507694779926706,5.058666663424503,0.07631726295795792,0.5098142914197382,7.7
cos_profile,tmfg,6037,5.989087301587301,23,2,0,0.6949085577731419,0.2779526254762299,0.7508995590440894,0.7271025929272901,0.9273244095979593,30,0.006140947341918945,0.19566645330584834,429.31904429700865,0.8099164037061773,0.8182928779220532,0.5537357692408416,0.5631289802516084,3.2731715116882127,0.5064284088258405,0.14012898498019252,329.14054538535464,0.7804388871780998,0.7332278152122332,0.528772943182927,0.5283721174134837,4.3993668912734,0.524056253929896,0.6190377980397894,5.1
cos_profile,disparity,68352,67.80952380952381,130,1,0,0.38169870837576675,0.1681443117977528,0.6433177039289623,0.6377188931962228,0.594220381630472,7,0.006140947341918945,0.1934988822715187,419.04347346296646,0.8090155943344105,0.783336764656481,0.6020763790475219,0.5322924441920384,3.133347058625924,0.4932266299231176,0.12968889898062727,312.3165576667111,0.7855947294460717,0.71575119149264,0.6175274222524334,0.4963614304905366,4.29450714895584,0.5481344241814105,0.7757931646175502,4.3
corr_growth,knn15_mutual,7702,7.640873015873016,17,9,0,0.17621634228995903,0.2617501947546092,0.5116108080915962,0.6468787967299005,0.7018470730217012,22,0.006412982940673828,0.2033604390279626,428.7879648661782,0.7985045627776395,0.704777675668312,0.5329971461429466,0.5123254451973894,2.819110702673248,0.38637478877617215,0.1423888011778382,329.097268684641,0.7702627324650064,0.5817887675539047,0.48995519211031047,0.45273613794484796,3.490732605323428,0.37427173733210894,0.6389890661780797,4.2
corr_growth,knn15,22586,22.40674603174603,73,1,0,0.2150360952610865,0.23275480386079872,0.47770306869614604,0.5691969466681865,0.610948391925668,8,0.006412982940673828,0.2038736655999415,426.4062852044714,0.8114851273811597,0.6577431441852555,0.5836180797393867,0.47529230949280754,2.630972576741022,0.38850400771705296,0.1448948248559057,328.2010134373506,0.7803320714857693,0.5498509113650174,0.5503982178599293,0.4221060261070469,3.2991054681901044,0.3793303040495253,0.7767118356362482,3.5
corr_growth,epsilon,9448,9.373015873015873,153,1577,1552,0.1222870947312341,0.7757197290431838,0.39398441288735825,0.222819703552282,0.45116981408160195,1580,0.006412982940673828,0.10206492431404439,335.9100586861374,0.8229098642823864,0.7499701195621811,0.4999999999999857,0.5454387407537277,2.9998804782487243,0.02263002981652472,0.1204794305196,263.5647848790285,0.7974458229215602,0.8073334576283334,0.5666950178028295,0.553912106208033,4.844000745770001,0.06717865472436421,0.8036357129660472,7.0
corr_growth,tmfg,6042,5.994047619047619,41,1,0,0.7251579615865559,0.2677921218139689,0.48862774264179204,0.5859957888266014,0.9089480806175521,26,0.006412982940673828,0.20041942780282718,429.32229736462835,0.8071897289457027,0.6500887439797968,0.6002690169609137,0.46761299771599074,2.600354975919187,0.37928649546815274,0.14675406037472163,330.3248142195647,0.7835992480206496,0.557369328554631,0.527731188622408,0.43068664989403094,3.3442159713277855,0.3799926315947052,0.7229935246154845,5.1
corr_growth,disparity,72460,71.88492063492063,185,1,0,0.28607657318806307,0.17670438862820867,0.4082515487588566,0.5222152620880289,0.5473529353745484,5,0.006412982940673828,0.20105027717418414,417.7922082062396,0.8005707514505066,0.6176402473066515,0.6767917331395568,0.43556715841296395,2.470560989226606,0.3621468256644109,0.08282342237051941,280.83292858795323,0.758816844557302,0.5982394079300186,0.5296785740322294,0.4542873023064709,3.5894364475801117,0.4123247964641655,0.4198052745730513,4.3
corr_growth_lag2,knn15_mutual,8318,8.251984126984127,16,8,0,0.14156380023195503,0.20894445780235635,0.44619692473963624,0.5712114891952902,0.6107036940608203,21,0.020566940307617188,0.2028426426509125,428.86947931712,0.7988430946972732,0.6643229594083481,0.5221203888511077,0.49323957591788087,2.6572918376333923,0.3304939873648651,0.14467132872622293,330.3124630234735,0.7791313883701851,0.5554833731763678,0.47085042914087544,0.4403183037268948,3.3329002390582065,0.32211276658489246,0.7321758809782538,3.9
corr_growth_lag2,knn15,21959,21.78472222222222,73,1,0,0.15953491368696573,0.20428981283300696,0.4095283156437128,0.486946290068806,0.5353854303824624,7,0.020566940307617188,0.20394366214944373,428.12294228297264,0.8003652463920877,0.6013715562535169,0.5645934467154846,0.4489420609115675,2.4054862250140676,0.33041492253977695,0.1443261719608155,327.360795012655,0.7799540894444748,0.49635942177025383,0.5174262886753,0.3949298261611607,2.978156530621523,0.3172900082086105,0.7910897105973594,3.5
corr_growth_lag2,epsilon,9448,9.373015873015873,153,1576,1550,0.12225343188428804,0.7757197290431838,0.393357520179225,0.22310247509506986,0.45117693284028304,1579,0.020566940307617188,0.18748852063866758,335.9080096006318,0.866343519450834,0.7181653473452108,0.5280206454694847,0.5207092193030848,2.872661389380843,0.0307047887021829,0.1284249332793143,288.8393759747996,0.7904762578087677,0.7081389418976808,0.6087900885664403,0.49481866998175306,4.248833651386085,0.0748339467822321,0.5553333172617354,8.0
corr_growth_lag2,tmfg,6042,5.994047619047619,39,1,0,0.7255456249289254,0.2378351539225422,0.4326357257807744,0.5041371124619027,0.9104917335265844,25,0.020566940307617188,0.19702502624837936,429.1318014018914,0.8156120576106767,0.606734778525003,0.5630192128472193,0.4522460265307141,2.426939114100012,0.3307667913925034,0.14699325636090044,330.9508166235387,0.7822888245820104,0.5138414856369977,0.5072013946498053,0.4076097712796658,3.0830489138219863,0.3304847250509695,0.7260247711686898,4.7
corr_growth_lag2,disparity,70438,69.87896825396825,163,1,0,0.20609424178957986,0.1572020784235782,0.33270984958738026,0.4206315273459238,0.45809815646349855,6,0.020566940307617188,0.2009439755234083,423.2183566740018,0.8019529104731679,0.5430428166975483,0.5826128269566743,0.4125262355701969,2.172171266790193,0.28320800946125424,0.12075588846908308,301.42268396978466,0.7775382710732129,0.4933728671667386,0.5072122584880965,0.39462102181280634,2.960237203000432,0.31015443874577037,0.8541381947329552,4.7
dtw_level,knn15_mutual,6569,6.516865079365079,16,11,0,0.19617172537559405,0.23626122697518648,0.5104942625737491,0.6385095061274597,0.7876494534912436,23,33.32687997817993,0.20118818533799884,429.3091960128815,0.8033294542255547,0.65847002682668,0.5869393455058023,0.47492145061973834,2.63388010730672,0.38988182045905967,0.14179778217500802,330.72706658216964,0.7808354954656416,0.49887202776857204,0.5248565832078649,0.3953540094215417,2.993232166611433,0.34017878598029627,0.6895460271879225,3.8
dtw_level,knn15,23724,23.535714285714285,59,1,0,0.2401643696064115,0.1599224414095431,0.4153409320770575,0.5229999647235422,0.6562673076844711,8,33.32687997817993,0.19709957763236927,426.10858225884533,0.8018593206585878,0.610162289067286,0.6081302345951154,0.44503020918657277,2.440649156269144,0.3418574481620544,0.13524505238653886,325.6322218516373,0.7703616022965413,0.48298208408612014,0.580566432399022,0.37721093602921146,2.897892504516721,0.3195777176325456,0.6635824248742125,3.3
dtw_level,epsilon,9448,9.373015873015873,135,1448,1422,0.13579720285312216,0.46348433530906014,0.42216422441615453,0.16416111694718494,0.43005317415992367,1453,33.32687997817993,0.1325732902983541,335.9070121349048,0.843844330766451,0.6576312507838405,0.5047834688667133,0.4937314690055352,2.630525003135362,0.019032607339425578,0.10966594786806831,259.66581797737695,0.8097773520013863,0.7392437528645587,0.46429908094059186,0.5503477777606048,4.435462517187352,0.23785270027591138,0.75060102603061,5.5
dtw_level,tmfg,6042,5.994047619047619,32,1,0,0.7164307663280843,0.20009930486593844,0.4372199088413875,0.5553644717863845,0.918617812413101,25,33.32687997817993,0.19729622108048303,429.2435741972994,0.8088212672516636,0.6068779086960145,0.5887937231215528,0.4471128910175918,2.427511634784058,0.3375368978490113,0.14469978015352528,329.809973056577,0.7781286398350641,0.4996826611514073,0.5564736215642148,0.39096957506326,2.9980959669084437,0.3364008780278971,0.6848699579197534,5.3
dtw_level,disparity,74885,74.29067460317461,162,1,0,0.33616320776602615,0.1232957201041597,0.3640239192195999,0.47467990069730076,0.5911629771789007,7,33.32687997817993,0.17453929799620999,399.26061100350483,0.8068935772210165,0.6283442914778475,0.6572992942196444,0.4446848756655944,2.51337716591139,0.3694351422596521,0.06980811569586387,268.51424282266504,0.7607653183524101,0.6152329341882635,0.5338639236051458,0.4631206479293662,3.691397605129581,0.43095783368890617,0.6291945577238414,4.2
dtw_composition,knn15_mutual,7494,7.434523809523809,16,10,0,0.31818717960831067,0.28889778489458234,0.7353312070549906,0.7581275106195857,0.796967847494003,27,31.116636037826538,0.20121733982885168,428.746360262894,0.8106327154662101,0.8213520779002436,0.5194219645865485,0.5757295521117154,3.2854083116009742,0.5302364381464526,0.14033657494280208,329.6624885007801,0.7759534309372411,0.7258823378467572,0.5036808392580883,0.5315432150173293,4.355294027080543,0.5589530308139178,0.7336985121877593,4.5
dtw_composition,knn15,22846,22.66468253968254,57,1,0,0.38309502739789597,0.19066795062593014,0.6587502876162614,0.6607433939765676,0.6940870737612885,11,31.116636037826538,0.19772327902098658,425.62061248518233,0.817639198837814,0.7974130727833008,0.5145288107328336,0.5654240914521009,3.189652291133203,0.4703482433844066,0.12984389416816583,321.51822596670985,0.772420312418374,0.7612189006042781,0.4804243274952393,0.557380389443386,4.567313403625668,0.5740579211523483,0.7734632110379038,4.2
dtw_composition,epsilon,9448,9.373015873015873,118,1448,1416,0.14596557028261492,0.472692633361558,0.7615197091488075,0.241106838676192,0.4491899769237426,1453,31.116636037826538,-0.0071681631817987115,242.74549538455815,0.7338844603191546,0.8299064077322327,0.5000000000000048,0.5865256924855563,3.3196256309289307,0.00857541809173126,0.07255345985337555,257.34734645578556,0.7425720803107777,0.8244839958950015,0.3333803206559428,0.6467217088029332,4.9469039753700095,0.19921130930673198,0.7225471630758878,5.1
dtw_composition,tmfg,6042,5.994047619047619,33,1,0,0.7058394368790102,0.24313141343925854,0.6877737546661623,0.7145095598205945,0.9217394121829635,29,31.116636037826538,0.1960556228576077,428.9386574686537,0.8190816426979973,0.7949254864240223,0.5181769385382903,0.5630134565770482,3.179701945696089,0.48118677663719867,0.1384807194243693,328.85490698277073,0.7743216858707715,0.7229084849477881,0.4949534704430828,0.5324092331106158,4.337450909686729,0.534720273602968,0.7732426165120607,5.2
dtw_composition,disparity,73743,73.1577380952381,165,1,0,0.4543391686735742,0.13294821203368457,0.6114377667152411,0.6045317418451224,0.607638657776063,8,31.116636037826538,0.19888676560214807,419.55080694304723,0.8106481446691622,0.765492265553891,0.5240159963938209,0.5463391409158733,3.061969062215564,0.45746879602712043,0.11937618109702802,310.3676398573157,0.7733667747806267,0.7348942308750596,0.49416470014898356,0.5391112449651948,4.409365385250357,0.5600032578294122,0.8515169312927038,4.3
road_gravity,knn15_mutual,11400,11.30952380952381,19,6,0,0.595583919526589,0.7842105263157895,0.42738554617908525,0.28751246587630874,0.8990873513286172,29,0.011332273483276367,0.19559099297315563,428.67717352303674,0.8176966471765245,0.658444669938856,0.5199370245506157,0.490516472177219,2.633778679755424,0.30541489287775975,0.13909791174180713,325.89842675468566,0.7908040263877689,0.5368995555384253,0.4222691917046191,0.43767220259308726,3.2213973332305517,0.30490747397246104,0.5733933355716753,3.8
road_gravity,knn15,18853,18.703373015873016,38,1,0,0.619705597317658,0.7105500450856628,0.4137627807562181,0.2493620877852668,0.8671744475694895,23,0.011332273483276367,0.19791900272354232,426.94849355354495,0.8176158825375026,0.6707323690097178,0.513286349365161,0.49895370170686054,2.682929476038871,0.3350322910997072,0.14814821315553503,326.9551944817761,0.7844900374952107,0.5301959737803005,0.43071363782507266,0.4316282162701811,3.1811758426818026,0.31206654153849406,0.543433174028886,3.8
road_gravity,epsilon,9448,9.373015873015873,124,1523,1342,0.1384667871245374,0.9288738357324301,0.5117906585064607,0.21907858186965365,0.495297668757042,1525,0.011332273483276367,0.20265065954953748,429.00812011998244,0.7975453829754013,0.5479458295195481,0.5700971937248885,0.4175199530151206,2.1917833180781923,0.043599865899203845,0.1457766129273112,330.0295551550175,0.7807891568179071,0.4862118444096717,0.3994790230752546,0.4071336854248413,2.91727106645803,0.040137270903520525,0.707520662887797,6.7
road_gravity,tmfg,6042,5.994047619047619,21,1,0,0.6545159424662916,0.8147964250248262,0.4454556983016789,0.2883524945030825,0.9356642483045046,34,0.011332273483276367,0.19904129560672196,429.5724340006529,0.8026070540076009,0.6465444788363272,0.5240251597922407,0.48292634230996356,2.5861779153453086,0.3160589817148554,0.14226619144013442,330.7555333150559,0.7828454381700608,0.5264029029542131,0.4451736856724982,0.4264648279280549,3.1584174177252793,0.3015335384700113,0.5808089367563432,6.5
road_gravity,disparity,64238,63.7281746031746,139,1,0,0.6550366676037984,0.45409259316915224,0.3413191480291465,0.2040422504544263,0.776075311336391,10,0.011332273483276367,0.19447132685707136,419.97857711566184,0.8126604695713219,0.6870407428768626,0.5033716181012379,0.51049335071353,2.7481629715074503,0.33860042590524314,0.16768922547647733,293.47542491902976,0.8275998173330462,0.6183137196646807,0.36608625114980753,0.5041877262363251,3.709882317988084,0.3394463019665078,0.7970122314580188,3.5
snf_cos_corr_road,knn15_mutual,12343,12.245039682539682,15,2,0,0.5455072760132277,0.7709632990358908,0.561198920090438,0.4883596118465146,0.9055423380395554,30,3.598268747329712,0.20214387342752693,428.8018830372178,0.7969780126663796,0.7690449192040241,0.5136531395855712,0.5512778531777838,3.0761796768160963,0.45585806382484295,0.1382504239327034,326.54839016996607,0.7829860791276071,0.6691005374701994,0.5001235507871752,0.5013367489327053,4.0146032248211965,0.46834569235160795,0.5612817576792266,3.4
snf_cos_corr_road,knn15,17900,17.75793650793651,33,1,0,0.5246515524400511,0.7043016759776536,0.5491990598736666,0.4507528249942082,0.8652957670371064,21,3.598268747329712,0.1981493804719962,427.97635487083744,0.8139985314256728,0.7569729356033893,0.5238377971349915,0.5420380332338957,3.027891742413557,0.44571597863264795,0.13899822883478188,327.9536742870837,0.7771293397590066,0.6431346352334976,0.4755756854341721,0.49249922021226517,3.858807811400985,0.4576345879701231,0.6550990402482273,3.2
snf_cos_corr_road,epsilon,9448,9.373015873015873,50,197,140,0.4625161400315549,0.8350973751058425,0.7197846617765546,0.5939139440662456,0.8867396782482974,224,3.598268747329712,0.20349867845135367,429.11042497619627,0.8020455573123304,0.789248684733627,0.5496833024941618,0.5504452611278374,3.156994738934508,0.5497756927403531,0.14278673451294993,329.76284733983596,0.7758607901351008,0.6950403084370635,0.5721025860196074,0.4972976691191854,4.170241850622381,0.5473726079921016,0.6250458390693205,3.7
snf_cos_corr_road,tmfg,6042,5.994047619047619,20,1,0,0.6746022393403734,0.7999006951340616,0.6196853011713307,0.5817799905331524,0.9411598851543174,36,3.598268747329712,0.19643009941374048,429.1438115758142,0.8154660667567567,0.7807854134093029,0.5241907812689652,0.5540312270149448,3.1231416536372114,0.47487138455079747,0.13830140312625114,329.12144507070957,0.7740454691851015,0.6775509966773571,0.49175123725038683,0.5082191995515227,4.065305980064142,0.4953127788161261,0.6623701181096474,4.8
snf_cos_corr_road,disparity,56319,55.87202380952381,81,1,0,0.3768038559300053,0.429961469486319,0.5381002046493879,0.45464979759309004,0.7094914010622436,10,3.598268747329712,0.19513525907384907,420.1300049953208,0.8071529740774313,0.7757167136700742,0.5146906985761575,0.5543787013673676,3.102866854680297,0.46982259648185104,0.1419605970799866,321.5475007510517,0.7883434051372342,0.6677162841682057,0.497820206661181,0.5011370098000248,4.006297705009234,0.467227698576489,0.5841710670259299,3.4
learned_logmodel,as_is,15034,14.91468253968254,72,18,10,0.3078097543391704,0.36537182386590394,0.7963861942258026,0.7063804572303068,0.7484739142791788,39,16.0,0.1963001705849773,428.9989029976926,0.820717545696152,0.8363956018752281,0.5263822413031177,0.5807238971036349,3.3455824075009124,0.5619828786662531,0.14407627143044074,330.3470761274531,0.7819706845902762,0.7469159495503712,0.5328862965126038,0.5342665117868377,4.481495697302227,0.5840364276110996,0.6242736184091118,4.8
