territory_id,type
1,2
2,2
3,0
4,0
5,0
6,0
7,1
8,1
9,0
10,2
11,0
12,0
13,0
14,0
15,0
16,0
17,0
18,0
19,0
20,0
21,2
22,2
23,2
25,2
26,2
27,2
28,2
29,2
30,0
31,0
32,0
33,0
34,0
35,0
36,0
37,0
38,2
39,0
40,2
41,0
42,2
43,0
44,2
45,0
46,0
47,0
48,0
49,2
50,0
51,2
52,0
53,0
54,0
55,0
56,0
57,2
58,0
59,0
60,0
61,0
62,3
63,0
65,0
66,2
67,0
68,0
69,0
70,0
71,0
72,0
73,2
74,0
75,2
76,1
77,2
78,0
79,3
80,0
81,2
82,0
83,2
167,2
168,0
169,2
173,0
181,0
184,0
185,0
188,0
191,0
194,2
195,0
196,0
198,0
201,0
203,0
204,2
205,0
206,2
207,2
208,3
209,0
210,2
211,2
212,0
213,0
214,0
215,0
216,0
217,2
218,2
219,0
220,0
221,2
222,2
223,0
224,2
225,2
226,3
227,2
228,3
229,2
230,0
231,2
232,0
233,0
234,2
235,0
236,2
237,0
238,0
239,0
240,0
241,2
242,0
243,0
269,2
270,2
271,2
272,0
273,0
274,0
275,0
276,0
277,0
278,2
279,0
280,0
281,0
282,0
283,0
284,0
285,0
287,0
288,0
289,0
290,0
292,0
293,0
294,0
295,0
296,0
297,0
298,0
300,0
301,0
302,0
303,2
304,0
305,0
306,0
307,0
308,0
309,3
312,3
314,3
316,3
317,3
318,3
319,3
320,3
321,3
323,3
324,3
325,3
326,3
327,3
329,3
330,3
331,3
332,3
333,3
334,3
335,3
336,3
337,3
338,3
339,3
340,3
341,3
342,3
343,3
345,2
346,0
347,0
348,0
349,0
351,0
352,0
354,2
355,2
356,2
357,2
358,0
359,0
360,0
361,0
362,2
363,0
364,0
365,0
366,2
367,0
368,2
369,0
370,1
371,2
372,0
373,2
374,2
375,2
376,0
377,0
378,0
379,1
380,2
381,0
382,2
383,0
384,0
385,2
386,0
387,2
388,2
390,0
391,0
392,0
393,0
395,0
396,0
397,2
398,0
401,0
402,0
403,0
404,0
405,3
408,0
410,0
413,3
414,0
416,0
418,2
419,2
420,2
421,2
422,2
423,0
424,0
425,0
428,0
429,0
430,2
431,0
432,0
433,0
434,0
435,0
436,0
437,0
438,0
440,0
441,0
442,0
443,0
444,0
445,0
446,0
447,0
448,2
449,0
450,2
451,2
452,2
453,3
455,0
456,0
457,0
458,0
459,3
460,0
478,2
479,2
480,2
481,2
482,2
484,0
485,0
486,0
487,0
489,0
490,0
491,0
492,0
493,0
494,0
495,0
496,0
497,0
498,0
499,0
501,0
502,0
503,0
504,2
505,2
506,2
507,2
508,2
509,2
510,2
511,0
512,0
515,0
516,0
517,0
518,0
519,0
520,0
521,0
522,0
523,0
524,0
525,0
527,0
528,0
529,0
530,0
531,0
532,0
533,0
534,0
535,0
536,0
537,0
538,0
539,0
540,0
541,0
542,0
543,0
544,0
545,0
546,0
547,0
548,0
549,0
550,0
552,0
553,0
554,0
555,0
556,0
557,0
558,0
559,0
560,0
561,0
562,0
563,0
564,0
565,0
566,0
567,0
568,0
569,0
570,0
571,0
572,0
574,2
578,3
579,3
580,3
581,3
582,3
583,3
584,3
585,2
586,0
587,3
588,3
589,3
591,0
592,0
593,0
594,0
595,0
598,0
599,0
600,3
601,0
602,0
603,3
604,2
605,3
606,0
607,0
608,3
612,3
613,3
614,3
615,3
616,3
618,3
619,3
621,3
666,2
667,2
668,2
669,2
670,2
671,2
674,2
675,2
676,2
677,2
678,2
679,2
680,2
683,0
685,0
686,2
687,0
689,2
690,0
691,0
692,0
693,2
694,0
695,0
696,0
697,2
698,0
699,0
701,0
702,3
703,0
704,0
705,0
706,0
708,3
710,0
711,0
712,0
713,0
714,0
715,0
716,3
717,0
718,3
719,0
720,3
721,0
722,0
723,0
725,0
726,3
727,2
731,2
734,2
735,0
736,0
737,0
738,2
739,2
741,2
742,0
743,0
744,0
745,2
746,0
747,0
748,2
749,0
751,2
752,0
753,0
754,2
755,0
756,2
757,2
758,0
760,0
761,0
763,2
764,0
765,0
766,2
767,2
769,0
770,0
771,0
773,0
774,0
775,2
776,2
777,2
778,2
779,3
780,3
781,3
782,2
783,3
784,3
785,2
787,3
788,3
789,3
790,0
791,3
792,3
793,3
794,3
795,3
796,3
797,3
798,3
799,3
800,3
801,3
802,0
803,3
804,3
805,3
806,0
807,3
808,0
809,2
810,0
811,2
812,2
813,2
814,0
815,0
817,0
818,2
819,2
820,2
821,0
822,0
823,0
824,2
825,0
826,0
827,0
828,0
829,0
830,2
831,0
832,0
833,0
834,0
835,0
836,0
838,0
839,0
840,0
841,2
842,2
843,2
844,3
846,3
847,3
848,3
849,3
851,3
852,3
853,3
854,3
855,3
856,3
857,3
859,3
860,3
870,3
871,3
872,3
873,3
874,3
875,3
876,3
877,3
878,3
879,3
880,3
881,3
882,3
883,3
884,3
885,3
886,3
888,3
889,3
890,2
891,2
892,2
895,2
896,2
897,2
898,0
899,0
900,0
901,0
902,2
903,2
904,0
905,0
907,3
908,2
909,2
911,2
912,2
913,0
914,0
915,0
916,3
917,3
918,2
920,0
922,0
923,0
924,0
925,2
926,0
927,2
928,0
929,0
930,0
986,2
987,2
988,2
989,2
991,2
992,2
993,0
994,2
995,2
996,2
998,2
999,0
1001,2
1002,0
1003,2
1004,0
1005,2
1006,0
1007,2
1008,2
1009,2
1010,2
1011,2
1012,2
1013,0
1014,0
1015,2
1016,0
1017,0
1018,0
1019,0
1020,0
1021,0
1023,0
1024,0
1025,2
1026,0
1027,0
1028,0
1029,0
1030,0
1031,0
1032,0
1033,0
1034,0
1035,0
1036,0
1037,0
1038,0
1039,2
1040,0
1041,0
1044,0
1047,2
1048,0
1049,2
1051,2
1052,0
1053,0
1054,0
1055,0
1056,2
1057,2
1058,0
1059,0
1060,0
1061,0
1062,0
1063,2
1064,0
1065,0
1066,0
1067,0
1068,0
1069,0
1070,2
1071,2
1072,2
1107,2
1108,0
1109,2
1110,2
1111,2
1112,2
1113,0
1115,0
1116,0
1117,2
1118,0
1119,0
1120,0
1121,0
1122,0
1123,0
1124,0
1125,0
1126,0
1127,2
1128,0
1129,0
1130,2
1131,0
1132,0
1133,0
1134,2
1135,2
1136,2
1137,2
1138,2
1139,2
1140,2
1141,2
1142,2
1143,2
1144,0
1146,0
1147,2
1148,0
1149,0
1150,2
1151,3
1152,3
1153,0
1154,3
1155,0
1157,2
1158,2
1159,0
1160,2
1161,2
1163,2
1164,3
1165,3
1166,0
1167,0
1168,0
1169,2
1170,0
1171,0
1172,0
1173,0
1174,0
1175,0
1176,2
1178,2
1179,2
1180,2
1181,2
1184,2
1185,0
1186,1
1187,2
1188,2
1189,0
1190,2
1191,0
1192,0
1193,0
1194,0
1195,0
1196,0
1197,2
1198,2
1200,2
1201,0
1203,2
1204,0
1205,0
1206,2
1207,2
1208,0
1209,2
1210,0
1211,2
1212,2
1213,0
1214,0
1215,0
1217,0
1218,0
1219,0
1220,0
1221,0
1222,0
1223,0
1224,2
1225,2
1226,2
1227,2
1228,2
1229,2
1230,2
1231,2
1232,2
1233,2
1234,2
1235,2
1236,2
1237,2
1238,2
1240,3
1241,3
1242,0
1243,3
1244,0
1246,0
1249,0
1250,2
1251,0
1252,2
1253,0
1254,0
1256,0
1257,0
1258,2
1259,2
1260,2
1261,2
1262,2
1264,0
1265,0
1266,0
1267,0
1268,0
1269,0
1270,0
1271,0
1272,0
1273,0
1274,0
1275,0
1276,0
1277,0
1278,0
1279,0
1280,0
1281,0
1282,0
1284,0
1285,2
1286,0
1287,0
1288,0
1289,0
1290,0
1291,0
1292,0
1293,0
1294,0
1295,0
1296,0
1297,0
1298,0
1299,0
1300,0
1301,0
1302,0
1303,2
1304,2
1305,2
1306,2
1308,2
1309,0
1310,0
1311,0
1312,0
1313,0
1314,0
1315,0
1316,2
1317,0
1319,0
1320,0
1321,2
1322,0
1323,0
1324,0
1325,0
1326,0
1327,0
1328,0
1329,0
1330,0
1331,0
1333,2
1334,2
1335,0
1336,0
1337,0
1338,0
1339,0
1340,0
1341,0
1343,0
1344,0
1345,0
1346,0
1347,0
1348,0
1349,0
1350,0
1351,0
1352,0
1353,0
1355,0
1356,0
1357,0
1358,0
1392,2
1393,2
1394,2
1395,1
1396,2
1397,2
1398,2
1399,2
1400,2
1401,2
1402,1
1403,2
1404,2
1405,2
1406,2
1407,2
1408,2
1409,2
1410,2
1411,2
1412,0
1413,2
1414,0
1415,0
1416,0
1417,0
1419,0
1420,0
1421,0
1422,2
1423,0
1425,0
1426,0
1427,0
1428,0
1429,0
1430,3
1431,3
1438,3
1439,1
1440,2
1443,1
1444,1
1445,1
1446,2
1447,2
1448,1
1449,2
1453,1
1454,2
1456,1
1457,1
1459,1
1461,1
1463,2
1464,2
1465,1
1467,1
1468,2
1472,1
1473,2
1474,2
1475,1
1477,2
1478,2
1480,2
1481,2
1483,1
1484,2
1486,2
1488,2
1489,2
1490,2
1491,2
1492,2
1493,1
1494,0
1495,2
1496,2
1500,1
1501,2
1504,2
1506,2
1507,2
1508,2
1509,2
1510,2
1511,2
1512,2
1518,2
1519,2
1520,2
1521,2
1522,0
1523,2
1525,2
1526,2
1527,2
1528,2
1529,2
1530,0
1532,2
1533,2
1534,0
1535,0
1536,0
1537,0
1539,2
1540,2
1541,0
1542,0
1543,0
1544,0
1545,0
1546,0
1547,0
1548,0
1549,2
1550,0
1551,0
1552,0
1553,2
1554,0
1555,0
1556,0
1557,0
1558,0
1559,0
1560,2
1561,0
1562,0
1563,2
1564,0
1565,0
1566,0
1567,0
1568,0
1569,0
1570,0
1571,0
1572,0
1573,0
1574,0
1575,2
1577,2
1578,2
1579,0
1580,0
1581,0
1582,0
1583,0
1584,0
1585,0
1586,2
1587,0
1588,0
1589,0
1590,0
1591,0
1592,2
1593,0
1594,0
1595,2
1596,0
1597,2
1598,2
1599,2
1600,1
1601,2
1602,0
1603,2
1604,0
1605,0
1606,0
1607,0
1608,2
1609,0
1610,0
1611,0
1612,0
1613,0
1614,0
1615,2
1616,0
1617,0
1618,0
1619,0
1620,1
1621,0
1622,0
1623,0
1624,0
1625,0
1626,0
1627,0
1628,0
1629,0
1630,0
1631,0
1632,2
1633,0
1634,0
1635,0
1636,0
1637,0
1638,0
1639,0
1640,0
1641,0
1642,0
1643,0
1644,0
1645,0
1646,0
1647,0
1648,0
1649,0
1650,0
1651,0
1652,2
1653,0
1654,0
1655,0
1656,0
1657,0
1658,0
1659,0
1660,0
1661,0
1662,0
1663,0
1664,0
1665,2
1666,2
1667,2
1668,2
1669,2
1670,2
1671,2
1672,2
1673,2
1674,2
1675,2
1676,2
1678,0
1679,0
1680,0
1681,0
1682,0
1683,0
1685,0
1686,0
1687,0
1688,0
1689,0
1690,0
1691,0
1692,0
1693,0
1694,0
1696,0
1697,0
1698,0
1699,0
1700,0
1701,0
1702,0
1703,0
1704,0
1705,0
1706,0
1707,2
1708,2
1709,2
1710,0
1711,0
1712,0
1714,0
1715,0
1717,0
1718,0
1719,0
1722,0
1724,0
1725,0
1726,2
1727,0
1728,0
1730,0
1731,0
1732,0
1733,0
1737,0
1738,0
1739,0
1740,0
1741,0
1742,0
1743,0
1744,0
1745,0
1746,0
1747,0
1749,0
1750,0
1751,0
1752,0
1753,0
1754,0
1755,0
1756,0
1757,0
1758,2
1759,0
1760,0
1761,0
1762,0
1764,2
1765,2
1766,0
1768,0
1769,0
1770,2
1771,0
1773,0
1774,0
1775,0
1776,0
1777,0
1778,0
1780,0
1781,0
1782,0
1783,2
1784,0
1785,0
1786,0
1787,0
1788,0
1845,2
1846,2
1848,0
1849,0
1850,0
1851,0
1852,0
1853,0
1854,0
1855,0
1856,0
1857,0
1858,0
1859,2
1860,0
1861,2
1862,0
1863,2
1864,0
1865,0
1868,0
1869,0
1870,0
1871,0
1872,0
1873,0
1874,2
1875,2
1876,2
1877,2
1878,2
1879,2
1880,2
1881,2
1883,2
1884,0
1885,2
1886,0
1887,0
1888,0
1889,0
1890,1
1891,0
1892,0
1893,0
1894,0
1895,0
1896,0
1897,0
1898,0
1899,2
1900,2
1901,0
1902,0
1903,0
1904,0
1905,2
1906,0
1907,0
1908,0
1909,0
1910,0
1912,0
1915,0
1916,0
1917,0
1918,0
1919,2
1920,0
1921,0
1922,2
1923,0
1924,0
1925,0
1926,0
1927,0
1928,0
1929,0
1930,0
1931,0
1932,0
1933,0
1934,0
1935,0
1936,0
1937,0
1938,0
1939,0
1940,0
1941,0
1942,0
1943,0
1944,0
1945,0
1947,0
1948,0
1949,0
1950,0
1951,0
1952,2
1954,3
1955,3
1956,3
1957,3
1958,3
1959,3
1960,3
1961,3
1962,3
1963,3
1965,3
1966,3
1967,3
1968,3
1969,3
1970,3
1971,2
1972,2
1973,2
1974,2
1975,2
1976,2
1977,2
1978,2
1979,2
1980,2
1981,2
1982,2
1983,2
1984,2
1985,2
1986,2
1987,2
1988,2
1989,2
1990,2
1991,2
1992,2
1993,2
1994,2
1995,2
1996,2
1997,2
1999,2
2000,2
2001,2
2002,2
2004,2
2005,2
2006,2
2007,2
2008,2
2009,2
2010,2
2011,2
2012,2
2015,2
2017,0
2018,2
2019,2
2021,0
2022,0
2023,0
2024,2
2025,0
2027,2
2028,0
2030,0
2031,0
2032,2
2033,2
2034,2
2035,0
2036,0
2037,0
2039,0
2040,0
2041,0
2042,2
2043,0
2044,2
2045,2
2046,0
2047,2
2048,2
2049,0
2050,0
2051,2
2052,0
2053,0
2054,0
2055,0
2056,0
2057,0
2058,0
2059,0
2060,2
2061,0
2062,2
2063,1
2064,0
2065,0
2066,0
2067,0
2068,0
2069,0
2070,2
2072,2
2073,2
2074,2
2075,2
2076,2
2077,0
2078,0
2079,0
2080,0
2081,0
2082,0
2085,0
2087,0
2088,0
2089,0
2090,0
2091,0
2093,0
2094,0
2095,0
2096,0
2098,0
2100,0
2101,2
2105,2
2108,2
2109,2
2110,0
2111,0
2112,0
2113,0
2114,0
2116,0
2117,0
2118,0
2119,2
2120,0
2121,0
2122,0
2124,2
2125,0
2126,0
2127,0
2128,0
2129,0
2130,0
2131,2
2132,0
2133,0
2134,0
2136,0
2137,0
2138,0
2139,0
2140,0
2142,0
2143,0
2144,2
2145,0
2146,2
2148,3
2149,0
2150,0
2151,0
2152,0
2153,3
2154,0
2155,0
2156,0
2157,0
2158,3
2159,0
2160,0
2161,2
2162,0
2163,0
2164,2
2165,2
2167,2
2168,2
2169,2
2171,0
2172,0
2173,0
2174,0
2175,0
2176,0
2177,0
2178,0
2179,0
2180,0
2181,0
2182,0
2183,0
2184,0
2185,0
2186,2
2187,0
2188,2
2189,2
2190,1
2191,2
2192,2
2193,2
2194,2
2195,0
2196,0
2197,0
2198,0
2199,0
2200,0
2201,0
2202,0
2203,0
2204,0
2205,0
2206,0
2207,0
2208,0
2210,1
2211,3
2212,0
2213,0
2215,0
2216,2
2217,2
2218,2
2219,2
2220,2
2221,2
2222,2
2223,2
2224,2
2225,2
2226,2
2227,2
2228,2
2229,3
2230,3
2231,3
2232,3
2233,3
2234,3
2235,2
2236,2
2237,3
2238,3
2241,2
2242,2
2243,2
2244,3
2245,3
2248,3
2249,3
2250,3
2251,2
2252,2
2253,2
2254,0
2255,0
2256,0
2257,0
2258,0
2259,0
2260,0
2262,0
2264,0
2265,0
2266,0
2267,0
2268,0
2269,0
2270,0
2271,0
2272,0
2274,0
2275,2
2276,2
2278,2
2279,2
2280,2
2281,2
2282,2
2286,2
2287,2
2288,2
2289,2
2292,0
2293,2
2294,0
2295,0
2296,0
2297,0
2298,0
2299,2
2300,0
2301,0
2302,0
2303,2
2304,0
2305,0
2307,0
2308,0
2309,0
2310,0
2311,2
2312,2
2314,0
2315,0
2316,0
2317,0
2318,2
2320,2
2321,0
2322,0
2323,0
2324,0
2325,0
2326,0
2327,0
2328,0
2329,0
2330,0
2332,0
2333,2
2334,0
2335,2
2336,2
2337,1
2338,3
2339,3
2340,3
2341,3
2342,3
2343,3
2344,3
2345,3
2348,3
2349,3
2351,1
2352,1
2353,1
2354,1
2355,1
2356,1
2357,1
2358,1
2359,1
2360,1
2361,1
2362,2
2363,1
2364,1
2365,1
2366,1
2367,1
2368,1
2369,1
2370,1
2371,1
2372,1
2373,1
2374,1
2375,1
2376,1
2377,1
2378,1
2379,1
2380,1
2381,1
2382,1
2383,1
2384,1
2385,1
2386,1
2387,1
2388,1
2389,1
2390,1
2391,1
2392,1
2393,1
2395,2
2398,1
2399,1
2400,1
2401,1
2402,1
2403,2
2404,1
2405,1
2406,1
2407,1
2408,1
2409,1
2410,2
2411,1
2412,1
2416,1
2422,1
2423,1
2424,1
2425,1
2426,1
2427,1
2428,1
2429,1
2430,1
2431,1
2432,1
2433,1
2434,1
2435,1
2436,1
2437,1
2439,1
2440,1
2441,1
2442,1
2443,1
2444,1
2445,1
2446,1
2447,1
2449,1
2450,1
2451,1
2452,1
2453,1
2454,1
2455,1
2456,1
2457,1
2458,1
2459,1
2460,1
2461,1
2462,1
2463,1
2464,1
2465,1
2466,1
2467,1
2468,1
2469,1
2470,1
2471,1
2472,1
2473,1
2474,1
2475,1
2476,1
2477,1
2478,1
2479,1
2480,1
2481,1
2482,1
2483,1
2484,1
2485,1
2486,1
2487,1
2488,1
2489,1
2490,1
2491,1
2492,1
2493,1
2494,1
2495,1
2496,1
2497,1
2498,1
2499,1
2500,1
2501,1
2502,1
2503,1
2504,1
2505,1
2506,1
2507,1
2508,1
2509,1
2510,1
2511,1
2512,1
2513,1
2514,1
2515,1
2516,1
2517,1
2518,1
2519,1
2520,1
2521,1
2522,1
2523,1
2524,1
2525,1
2526,1
2527,1
2528,1
2529,1
2530,1
2531,1
2532,1
2533,1
2534,1
2535,1
2536,1
2537,1
2538,1
2539,1
2540,1
2541,1
2542,1
2543,1
2544,1
2545,1
2546,1
2547,1
2548,1
2549,1
2550,1
2551,1
2552,1
2553,1
2554,1
2555,1
2556,1
2557,1
2558,1
2559,1
2560,1
2561,1
2562,1
2563,1
2564,1
2565,1
2566,1
2567,1
2568,1
2569,1
2570,1
2571,1
2572,1
2573,1
2574,1
2575,1
2576,1
2577,1
2578,1
2579,1
2580,1
2581,1
2582,1
2583,1
2584,1
2585,1
2586,1
2587,1
2588,1
2589,1
2590,1
2591,2
2592,1
2593,1
2595,1
2596,2
2597,1
2598,2
2599,1
2600,1
2601,2
2602,1
2604,1
2605,1
2606,1
2607,2
2618,0
2619,2
2620,2
2621,2
2644,2
2646,2
2647,2
2648,2
2649,2
2651,1
2652,2
2710,2
2808,2
2809,2
2813,2
2814,1
2872,3
2876,2
2879,2
2880,2
2881,0
2882,3
2883,2
2884,2
2885,0
2886,2
2887,2
3005,2
3007,2
3009,2
3011,2
3012,0
3013,2
