t,date,K,SW,CH,S_Dbw,WB,AVI,AVU,ANUI,modularity,density_modularity,MQ,conductance,method,Kset
0,2023-01,5,0.18700032180081808,351.5020410389388,0.8125681814375396,7.1514520728530595,0.8346873834182803,0.4092387564242662,0.6221644515392766,0.46089974438175896,11.525906544566006,4.173436917091402,0.16531261658171958,kefrin_warm,5
1,2023-02,5,0.16389183225729548,357.9336720447478,0.7858300675256102,7.022949211902417,0.788605747689129,0.4163013809142704,0.5936965564211515,0.4743443724644816,12.507374160036246,3.943028738445645,0.21139425231087103,kefrin_warm,5
2,2023-03,5,0.16578424569527234,358.9138154877357,0.7906507315188956,7.003770519627425,0.8204995325005967,0.41281272872944597,0.6129019038767417,0.4711737300562514,11.980959670501644,4.102497662502984,0.17950046749940315,kefrin_warm,5
3,2023-04,5,0.1631472963663515,354.7159760608071,0.7792548752898907,7.086655717951314,0.7990014071922666,0.42677145895665913,0.5958290618081178,0.4553211113537311,12.808544427280347,3.995007035961333,0.2009985928077334,kefrin_warm,5
4,2023-05,5,0.15739231235358606,354.1651917016161,0.7773045221007051,7.097676617858687,0.7386319645404174,0.44671229854215655,0.5553807600947934,0.4502153551181222,11.912389250581874,3.693159822702087,0.26136803545958254,kefrin_warm,5
5,2023-06,5,0.1612805186067144,352.9453024312986,0.770953968523171,7.122208406469174,0.7950285910056967,0.4321026502691128,0.591744320543818,0.4693802186993844,13.21078475387473,3.9751429550284834,0.20497140899430327,kefrin_warm,5
6,2023-07,5,0.16454609316902363,351.8856579382944,0.7773998237222788,7.143655739560728,0.8048705207303446,0.44416916161127146,0.5929070442857657,0.47114892973895667,13.661436016858861,4.024352603651723,0.1951294792696554,kefrin_warm,5
7,2023-08,5,0.1635930255401138,352.66829214740704,0.768668398452791,7.127802685899847,0.7634376660220148,0.5174034082293086,0.5472650843567057,0.4740542315061116,13.171346274198738,3.8171883301100737,0.23656233397798526,kefrin_warm,5
8,2023-09,5,0.15817840240392217,409.72843155511634,0.7684685154442927,6.135161259029817,0.7458885317934243,0.5665086617354687,0.5243311788810423,0.4917685307014722,13.293925028466752,3.7294426589671215,0.2541114682065757,kefrin_warm,5
9,2023-10,5,0.15931701545811472,408.9077007816104,0.7712951540737059,6.147475323147669,0.7345129691457036,0.5642294457678492,0.5192982135485109,0.4805564090138981,13.133375914755106,3.6725648457285183,0.26548703085429637,kefrin_warm,5
10,2023-11,5,0.15903329238426928,414.53807940659766,0.7683829639533565,6.063978497701294,0.729495201039598,0.5648207191946623,0.516627219260515,0.4825484472939906,12.944389105351393,3.6474760051979898,0.270504798960402,kefrin_warm,5
11,2023-12,5,0.1588038414344774,417.44227929320573,0.7727338039151451,6.02179061559401,0.7423405249294109,0.5586839204741507,0.5247210250003072,0.49506368793921074,13.318014542071849,3.711702624647055,0.257659475070589,kefrin_warm,5
12,2024-01,5,0.15707308914449025,425.856824035587,0.7709564441902066,5.902805492650593,0.7323287317029442,0.5568717219336937,0.5201888656469362,0.4814687904700161,12.785047182134754,3.661643658514721,0.26767126829705573,kefrin_warm,5
13,2024-02,5,0.15822073462476355,423.4636648722688,0.7707370515409202,5.9361645603247535,0.7218960242012356,0.567685741038203,0.5120519669445435,0.4787834550275149,12.753616626437486,3.6094801210061775,0.27810397579876456,kefrin_warm,5
14,2024-03,5,0.1581882860995991,424.4806425330782,0.7701783340297915,5.92194260025441,0.7262996783356168,0.5665517391456931,0.5145637295353925,0.48511424344333554,12.960226191879464,3.6314983916780843,0.27370032166438313,kefrin_warm,5
15,2024-04,5,0.15318844702745785,422.06657360926215,0.7727195120524893,5.955813980964914,0.7208638334813993,0.5739905717162348,0.509887973984753,0.48126850779866376,12.812731399024335,3.604319167406996,0.27913616651860074,kefrin_warm,5
16,2024-05,5,0.15220932089090444,423.43879321313005,0.7710546574303389,5.9365132347114695,0.7224770770006532,0.5648619669091006,0.5130865477873959,0.47836537150150665,12.85730467447248,3.612385385003266,0.27752292299934683,kefrin_warm,5
17,2024-06,5,0.1535121327437987,428.08593639275557,0.7783030471965404,5.872068634587688,0.7462646332915943,0.49350470169889143,0.5454014155625498,0.5241448966506836,13.668085987897893,3.7313231664579716,0.2537353667084056,kefrin_warm,5
18,2024-07,5,0.1628642661473383,432.4085059443533,0.7767653863190948,5.813368528702104,0.7598094220440863,0.4744117138049751,0.55849347378995,0.5358418357211671,14.044229757661643,3.7990471102204313,0.24019057795591375,kefrin_warm,5
19,2024-08,5,0.16890677981211677,435.7721532340855,0.7765821042146136,5.768496177059938,0.7705242043130666,0.4805447842286194,0.5623150357946939,0.547898366430468,14.217337148251605,3.8526210215653327,0.22947579568693355,kefrin_warm,5
20,2024-09,5,0.17206911743166953,437.5393145493084,0.7805479271841336,5.745198011724528,0.7456776006283834,0.5064451695091045,0.5412698472246114,0.5226902133464602,13.134088224267762,3.7283880031419168,0.2543223993716166,kefrin_warm,5
21,2024-10,5,0.17200018370692327,440.4761589475857,0.7818199434560862,5.70689230038242,0.741650719493862,0.4945326579072148,0.54263003090331,0.5270008917064756,13.310012098307963,3.70825359746931,0.2583492805061379,kefrin_warm,5
22,2024-11,5,0.17168234298329374,442.1441270850776,0.7792729661388644,5.68536331483671,0.7170220496368207,0.5013263397494934,0.5274307253286609,0.5171391340117208,12.61385137558298,3.5851102481841037,0.2829779503631793,kefrin_warm,5
23,2024-12,5,0.18496757313643877,433.1725101665987,0.7896539567776576,5.803115250857466,0.7124714474574644,0.49701177045009576,0.5261560627587794,0.5056973515449208,12.56307129694356,3.562357237287322,0.2875285525425356,kefrin_warm,5
0,2023-01,5,0.18700032180081808,351.5020410389388,0.8125681814375396,7.1514520728530595,0.8346873834182803,0.4092387564242662,0.6221644515392766,0.46089974438175896,11.525906544566006,4.173436917091402,0.16531261658171958,kefrin_fixed0.5,5
1,2023-02,5,0.1892557374007601,357.3500336669456,0.8131184147416135,7.034419373646525,0.6945300763647431,0.4118291141715614,0.54005840858824,0.4734629500340697,11.521309882722452,3.472650381823715,0.305469923635257,kefrin_fixed0.5,5
2,2023-03,5,0.16603895991277365,358.9057439034417,0.7873978120461714,7.003928030408697,0.8173881563292392,0.4121384726729458,0.6114160774080708,0.46810927470339353,11.881526838756457,4.086940781646196,0.18261184367076067,kefrin_fixed0.5,5
3,2023-04,5,0.17288782444163514,352.6267611678058,0.7975139894472351,7.128642170194713,0.7515100928613222,0.41815838477095124,0.5718165888290127,0.45866843501617166,11.884727899245064,3.757550464306611,0.24848990713867775,kefrin_fixed0.5,5
4,2023-05,5,0.17174054614169806,351.7662494798957,0.7961192788807707,7.1460806820344684,0.7325930037617392,0.41705232084336186,0.5611462174232571,0.4617483755556418,11.36952952885345,3.6629650188086957,0.26740699623826086,kefrin_fixed0.5,5
5,2023-06,5,0.15092633696969265,404.5257410928747,0.7722642110910773,6.214066855693297,0.7222715017484544,0.5268604943731326,0.5231818178429772,0.46806906476728555,13.10903507691597,3.6113575087422722,0.27772849825154566,kefrin_fixed0.5,5
6,2023-07,5,0.151259214807036,403.9410004879886,0.7730190184413983,6.223062271379278,0.7227486526101148,0.5190863550176963,0.525570800170922,0.467874789596483,13.134428823092438,3.6137432630505737,0.27725134738988527,kefrin_fixed0.5,5
7,2023-08,5,0.14854305529211226,401.82597637064345,0.7703712993405476,6.255817562380092,0.7182890535489033,0.5231240196837909,0.5221056376171537,0.4621943787374454,12.99454500486721,3.591445267744516,0.28171094645109684,kefrin_fixed0.5,5
8,2023-09,5,0.1508729666214864,411.1763221959538,0.7703876539164987,6.1135572850472295,0.722121085912741,0.5341156868546392,0.5211251109874094,0.4709234267612033,12.826667692669773,3.610605429563705,0.27787891408725907,kefrin_fixed0.5,5
9,2023-10,5,0.1518529093057815,409.84374715528077,0.7743199487523685,6.133435040665865,0.7106481642074549,0.5468250917300149,0.5117730357931922,0.4605354337402173,12.631228013420108,3.5532408210372743,0.2893518357925451,kefrin_fixed0.5,5
10,2023-11,5,0.15359877734008093,415.4151088860313,0.7690548666744743,6.051176151827556,0.7072367419926936,0.5570331762006813,0.5073600529244908,0.46479019050655584,12.39427220445281,3.536183709963468,0.2927632580073064,kefrin_fixed0.5,5
11,2023-12,5,0.1565890233964844,417.6538506214154,0.7709835784354782,6.018740151108056,0.7186054174571814,0.5512083732189927,0.5147229685589325,0.47181797432112305,12.720431226399104,3.593027087285907,0.2813945825428187,kefrin_fixed0.5,5
12,2024-01,5,0.1568884599455308,424.92963189317595,0.7683057773010281,5.91568535430341,0.7214381395355465,0.5562402169657997,0.5148375017075011,0.469146006400698,12.486129628570785,3.6071906976777326,0.27856186046445347,kefrin_fixed0.5,5
13,2024-02,5,0.15595876185465657,423.5411634310629,0.7700824299860667,5.935078374995179,0.7116660027761272,0.566457677441193,0.5071993876694019,0.4684148061364089,12.477213105374343,3.5583300138806364,0.2883339972238727,kefrin_fixed0.5,5
14,2024-03,5,0.15524375156175252,424.4858566468413,0.7712032952021031,5.921869858885215,0.7192992143127634,0.5695981920445027,0.5102456764940859,0.4783526757039149,12.802281121301746,3.5964960715638172,0.28070078568723666,kefrin_fixed0.5,5
15,2024-04,5,0.15087627394035436,422.11134355865073,0.7726122773285693,5.955182295760133,0.7089608878518014,0.5750241917366249,0.5036415199084223,0.4706741107245591,12.529352457660057,3.544804439259007,0.29103911214819866,kefrin_fixed0.5,5
16,2024-05,5,0.1501250525547941,422.95390463613336,0.7713694911097297,5.943319053083516,0.7140452841963566,0.5644202700533485,0.5089339093860272,0.4715934670287919,12.62645347442531,3.570226420981783,0.2859547158036434,kefrin_fixed0.5,5
17,2024-06,5,0.14844134306552384,419.75423857582956,0.7730741904672199,5.988623268055184,0.712427661949156,0.5691326773120983,0.5068978769877841,0.4621850796013969,12.560326599040062,3.5621383097457797,0.28757233805084403,kefrin_fixed0.5,5
18,2024-07,5,0.1494128143631039,419.0314491600881,0.7699551351135288,5.9989530739007595,0.7128223206553204,0.5557381214775587,0.5105655773287743,0.4594911831290863,12.701719680192838,3.5641116032766016,0.2871776793446797,kefrin_fixed0.5,5
19,2024-08,5,0.14929024743180005,421.6704963537056,0.7673202650417281,5.961408307522224,0.719061192172237,0.5471774810145341,0.516027902454167,0.4661006523379475,12.785524151626104,3.595305960861185,0.2809388078277629,kefrin_fixed0.5,5
20,2024-09,5,0.15228439939067903,429.7236065332082,0.7639359954029465,5.849690270170767,0.716782050740768,0.5630695310046498,0.5106746965640643,0.46549229613818605,12.360397456033395,3.5839102537038396,0.28321794925923205,kefrin_fixed0.5,5
21,2024-10,5,0.1516865257256466,427.1683466187447,0.766950386422569,5.8846822801773895,0.6972539971959586,0.5635631414432914,0.5005604454933215,0.4499806031959499,12.108333431962093,3.486269985979793,0.30274600280404135,kefrin_fixed0.5,5
22,2024-11,5,0.1513508792083275,430.12728290160516,0.7646587948366615,5.8442003098302395,0.7017834773627647,0.5797699328457948,0.4988250521147115,0.46250168066345776,12.116166296872237,3.5089173868138235,0.29821652263723525,kefrin_fixed0.5,5
23,2024-12,5,0.1518992918018103,426.966051121493,0.766527825443975,5.887470428614275,0.7122846953976718,0.5827389552229687,0.5033543609371142,0.47378335570035734,12.470755726082439,3.561423476988359,0.2877153046023281,kefrin_fixed0.5,5
0,2023-01,5,0.18700032180081808,351.5020410389388,0.8125681814375396,7.1514520728530595,0.8346873834182803,0.4092387564242662,0.6221644515392766,0.46089974438175896,11.525906544566006,4.173436917091402,0.16531261658171958,kefrin_t_affect,5
1,2023-02,5,0.1892557374007601,357.3500336669456,0.8131184147416135,7.034419373646525,0.6945300763647431,0.4118291141715614,0.54005840858824,0.4734629500340697,11.521309882722452,3.472650381823715,0.305469923635257,kefrin_t_affect,5
2,2023-03,5,0.16603895991277365,358.9057439034417,0.7873978120461714,7.003928030408697,0.8173881563292392,0.4121384726729458,0.6114160774080708,0.46810927470339353,11.881526838756457,4.086940781646196,0.18261184367076067,kefrin_t_affect,5
3,2023-04,5,0.16189801801595666,352.587934152064,0.7869909727959801,7.129427176926227,0.692010262012198,0.4357772832774941,0.5316766123110219,0.45855226042748326,11.68940582893939,3.4600513100609898,0.30798973798780194,kefrin_t_affect,5
4,2023-05,5,0.1606104473613006,351.8359457212722,0.7856852190098197,7.1446650934052585,0.7108160038297748,0.42044998694645064,0.5472603607428086,0.4602128531557417,11.234497743870104,3.5540800191488744,0.2891839961702251,kefrin_t_affect,5
5,2023-06,5,0.16067465124773941,351.6224880245587,0.7853424848151689,7.149002369337734,0.6928615931744109,0.42052000192448896,0.5365354626635791,0.4632477830453167,11.73211902131373,3.4643079658720546,0.3071384068255891,kefrin_t_affect,5
6,2023-07,5,0.15245600090089267,403.49464778936743,0.7751579287994677,6.229946329578652,0.7211230539214437,0.5229412597587177,0.5236514679950044,0.46683793171266885,13.113251957909522,3.6056152696072186,0.27887694607855623,kefrin_t_affect,5
7,2023-08,5,0.15067195868505495,401.90195849735204,0.7721958836896478,6.2546348601995225,0.7154241873730071,0.5265970765262354,0.5196507975277783,0.45996324603390415,12.933519480691462,3.577120936865035,0.28457581262699294,kefrin_t_affect,5
8,2023-09,5,0.15234917502835418,411.4021687934327,0.7712042833211873,6.110201138152405,0.7223384425881296,0.5424143668591838,0.5189933466768881,0.4707007868212788,12.801264921895699,3.6116922129406483,0.27766155741187043,kefrin_t_affect,5
9,2023-10,5,0.15302117746913077,409.88957752366395,0.7739038817150591,6.132749252095522,0.7079048277344115,0.545556811106873,0.5106793052769548,0.4581404967872135,12.561522766282486,3.539524138672058,0.2920951722655885,kefrin_t_affect,5
10,2023-11,5,0.1543221328494575,415.52445252410234,0.7685270331162758,6.049583808438304,0.7036162556225032,0.5561494554044688,0.5057200219737364,0.4604898101959486,12.308580839803309,3.5180812781125157,0.29638374437749687,kefrin_t_affect,5
11,2023-12,5,0.15833864987475943,417.38753878530207,0.7698228992641752,6.022580375340423,0.7156891218121023,0.5568139753728591,0.5117527366739578,0.46727872663027525,12.642865721413365,3.5784456090605117,0.28431087818789763,kefrin_t_affect,5
12,2024-01,5,0.15866662736140988,424.27985930554536,0.7669810291140574,5.924745058873326,0.7237931207868985,0.5574094892713218,0.5157245054651598,0.4719515533915225,12.534862705134246,3.6189656039344924,0.2762068792131016,kefrin_t_affect,5
13,2024-02,5,0.158599030981777,422.9722541580467,0.768524709786608,5.943061218055024,0.7126524129962819,0.5617275367803245,0.5089223906651152,0.4684232461219966,12.506795530751818,3.5632620649814095,0.28734758700371804,kefrin_t_affect,5
14,2024-03,5,0.15861139899771284,423.70068101548196,0.768106311954993,5.932843898138903,0.7165736427615191,0.5667659196289835,0.5096071398560374,0.47529614861990244,12.70472704616943,3.5828682138075956,0.28342635723848086,kefrin_t_affect,5
15,2024-04,5,0.15584414122117204,421.1427781193219,0.7704099456131295,5.9688783248891015,0.7041760266511179,0.5653593125229676,0.5036619296257141,0.46338328791035377,12.399301207081967,3.5208801332555897,0.295823973348882,kefrin_t_affect,5
16,2024-05,5,0.15577145967652262,422.907625178554,0.7695802025279214,5.943969439989835,0.7086256365593699,0.5573027912433388,0.5080048473043808,0.4642080094484895,12.523814887761503,3.5431281827968495,0.29137436344063,kefrin_t_affect,5
17,2024-06,5,0.15355918839405935,421.00876545842897,0.7719522736382173,5.970778297840954,0.7019768026524883,0.5530951700713658,0.5056522648828691,0.44969521069998863,12.315965683258524,3.5098840132624414,0.29802319734751176,kefrin_t_affect,5
18,2024-07,5,0.15334317971112557,420.0392807918128,0.769288444925105,5.984559337548975,0.7029990131607166,0.5404885715644295,0.5094332584140736,0.44967687923994526,12.477721657312912,3.514995065803583,0.2970009868392834,kefrin_t_affect,5
19,2024-08,5,0.15305197122883044,422.7829377155777,0.7662689214149695,5.945722439941738,0.7055607790551917,0.5398453982966217,0.51094501968103,0.44900971708038784,12.448742490426604,3.5278038952759583,0.2944392209448083,kefrin_t_affect,5
20,2024-09,5,0.15519534430132573,429.4710353439603,0.7617354364826183,5.853130463121349,0.7058540202676752,0.5637925952386037,0.5049188879232036,0.44753906384738673,12.067488298503887,3.529270101338376,0.2941459797323249,kefrin_t_affect,5
21,2024-10,5,0.15479500409112226,427.42935961613244,0.7654100735096373,5.881088754075198,0.6924708764795341,0.5704575948913366,0.4963859013950067,0.44117496473630124,11.967043084002492,3.4623543823976703,0.30752912352046585,kefrin_t_affect,5
22,2024-11,5,0.15208245050387123,429.94259388605775,0.7636126748309442,5.846710783594025,0.70467781550161,0.5969607334653655,0.4960196968637799,0.462382685717047,12.128449464455684,3.52338907750805,0.29532218449839004,kefrin_t_affect,5
23,2024-12,5,0.1519079415427528,426.48260544324813,0.7657228620350013,5.89414425797608,0.7118304096217691,0.5964023336318939,0.49969235688167096,0.473175076909279,12.438053921442195,3.5591520481088454,0.288169590378231,kefrin_t_affect,5
0,2023-01,5,0.18700032180081808,351.5020410389388,0.8125681814375396,7.1514520728530595,0.8346873834182803,0.4092387564242662,0.6221644515392766,0.46089974438175896,11.525906544566006,4.173436917091402,0.16531261658171958,kefrin_t_affect_fe,5
1,2023-02,5,0.18853618357051818,356.9996712364422,0.8132889455198559,7.0413230110095375,0.6929860317465169,0.41195756956716595,0.5390870166538945,0.47243972619544705,11.465355221565751,3.4649301587325843,0.30701396825348304,kefrin_t_affect_fe,5
2,2023-03,5,0.1903046381191846,358.43399074179246,0.8115864711433171,7.013146255458923,0.7379543345315736,0.4104855409648309,0.5663851733219208,0.46725915164636567,11.376450343592444,3.6897716726578675,0.26204566546842656,kefrin_t_affect_fe,5
3,2023-04,5,0.1850420479282136,352.2077697103273,0.8105487687656331,7.137122506035088,0.6785744944465757,0.41654812684829673,0.5290373583716094,0.45896620285373607,11.227374615164461,3.3928724722328782,0.3214255055534243,kefrin_t_affect_fe,5
4,2023-05,5,0.1846835722030783,350.86098555864555,0.8088739060869268,7.164518437402134,0.6328054478515343,0.4144480028294669,0.5013253721616371,0.46180368074290834,10.898780836906177,3.1640272392576714,0.36719455214846575,kefrin_t_affect_fe,5
5,2023-06,5,0.1823960616252795,348.65591490731504,0.8077419146378946,7.209830358587902,0.6399865325139199,0.41925407110867136,0.5045951076077647,0.46536857877740684,11.168104968390374,3.1999326625695996,0.36001346748608015,kefrin_t_affect_fe,5
6,2023-07,5,0.1826385582218127,348.8832045423121,0.8072589251178613,7.205133314736956,0.6351388786473225,0.4138389017351016,0.5029427919777079,0.4567042371140971,11.042187032132754,3.1756943932366126,0.36486112135267756,kefrin_t_affect_fe,5
7,2023-08,5,0.1711700413582988,349.066618014836,0.7916617697872845,7.201347451371478,0.7076890497110482,0.4202728092663019,0.5454576815163327,0.4638312337588722,11.946645594295463,3.538445248555241,0.29231095028895177,kefrin_t_affect_fe,5
8,2023-09,5,0.17361855958613154,355.63152922840385,0.792344542327021,7.068411525417781,0.703500110669913,0.41953500915967734,0.5431833791370213,0.45490106461513324,11.562545522341756,3.5175005533495654,0.29649988933008686,kefrin_t_affect_fe,5
9,2023-10,5,0.1734681981534465,354.14584504647587,0.7924564215298646,7.0980643572709745,0.6963187353948508,0.4210897595934706,0.538441001529052,0.45314164012622066,11.518488275631388,3.481593676974254,0.3036812646051491,kefrin_t_affect_fe,5
10,2023-11,5,0.17429143266239852,358.25582357058084,0.7909102485876236,7.0166340213162215,0.6959291443965837,0.42031585725134374,0.5384322866589195,0.44607969532214137,11.376825518583388,3.4796457219829184,0.3040708556034163,kefrin_t_affect_fe,5
11,2023-12,5,0.16517610154299867,360.2639146330797,0.7784124129177507,6.977523692763387,0.7224063880034253,0.41780508826296336,0.5549181741780863,0.4505690615372653,11.843917337124246,3.6120319400171264,0.2775936119965747,kefrin_t_affect_fe,5
12,2024-01,5,0.1674004593297104,367.12054524361776,0.7764551814583129,6.847205999685741,0.7044371492752084,0.4151079201682313,0.545053887013594,0.45363116954487415,11.061712308062159,3.522185746376042,0.29556285072479155,kefrin_t_affect_fe,5
13,2024-02,5,0.16916735919984055,366.6710597520152,0.7774171684539037,6.855599680269517,0.7106278706489407,0.4163464361985012,0.5483800895403455,0.45187622299658575,11.358646046902148,3.5531393532447035,0.28937212935105927,kefrin_t_affect_fe,5
14,2024-03,5,0.17036595606067517,367.87549828060344,0.7774349417051416,6.833154183273693,0.7062390064538778,0.4231308801552447,0.5437495077967862,0.4641875232384821,11.201171884893485,3.5311950322693892,0.2937609935461222,kefrin_t_affect_fe,5
15,2024-04,5,0.17030148950914933,366.26497815834756,0.7792795059013338,6.863200551250165,0.6726940717511849,0.4195060457882833,0.5246408327017867,0.44884996607252575,10.861753041264688,3.3634703587559245,0.3273059282488151,kefrin_t_affect_fe,5
16,2024-05,5,0.16843802195903812,367.26811725458083,0.7810570344059342,6.844454723679519,0.6952366765931355,0.4224639866408923,0.5373966001994871,0.4478647531314769,11.022902123192292,3.4761833829656776,0.3047633234068645,kefrin_t_affect_fe,5
17,2024-06,5,0.16813358163350794,365.8223848069463,0.7794646221882469,6.871504053330605,0.7075971896005008,0.416857617572252,0.5464209028771517,0.43469939943738434,11.441117733931257,3.537985948002504,0.29240281039949934,kefrin_t_affect_fe,5
18,2024-07,5,0.1685479826103864,364.59339672893253,0.7778543102001922,6.894666833115795,0.6846694922725409,0.41793415130023626,0.5323416517278647,0.44286602819068677,11.229826256933892,3.4233474613627046,0.31533050772745913,kefrin_t_affect_fe,5
19,2024-08,5,0.1736514756844601,368.389062342706,0.7741984985791706,6.823628215273944,0.6839275528890877,0.4214347958989715,0.5309044904347818,0.44616311679645393,11.362969158260352,3.4196377644454383,0.3160724471109124,kefrin_t_affect_fe,5
20,2024-09,5,0.17575624888342936,374.4147012028585,0.7732503552357121,6.713812229926427,0.6648598185265878,0.43122820994535965,0.5167145087153395,0.4391265385916706,10.66925582062763,3.324299092632939,0.3351401814734122,kefrin_t_affect_fe,5
21,2024-10,5,0.17517501703386726,373.0629219566052,0.774269606093519,6.738139472065787,0.6912868527491342,0.4261646799574145,0.5339763349643576,0.44539592826626323,11.17965069159234,3.456434263745671,0.3087131472508658,kefrin_t_affect_fe,5
22,2024-11,5,0.17517628500751195,374.0319891567196,0.7714499251965723,6.720681847740937,0.7003506335283134,0.4230056398923273,0.5402888395105516,0.4416051925911777,11.080980969811993,3.5017531676415667,0.2996493664716867,kefrin_t_affect_fe,5
23,2024-12,5,0.17444407858091165,371.02885015589624,0.7763815932169096,6.775079616972618,0.6489236640553335,0.43655727537786937,0.5056709530917806,0.44415321475678066,10.660625512231146,3.2446183202766674,0.3510763359446666,kefrin_t_affect_fe,5
0,2023-01,6,0.19798413322856742,327.04979845093317,0.812632088118081,7.375023655187697,0.7437020483556788,0.40963427992756746,0.5700413231774862,0.4517844882122019,12.94387090817596,4.462212290134072,0.2562979516443212,kefrin_warm,6
1,2023-02,6,0.1757965234700124,335.0742266614748,0.788514130834799,7.198405034108578,0.7116841054184913,0.4178369001567568,0.5485599852717306,0.4651621943020101,14.149574914401798,4.2701046325109475,0.28831589458150864,kefrin_warm,6
2,2023-03,6,0.17792061446220336,335.89267813755566,0.7895946521490628,7.180865070873118,0.7326453583349162,0.4204605658278344,0.5601056600451062,0.46034854916399287,13.49002669518999,4.395872150009497,0.26735464166508366,kefrin_warm,6
3,2023-04,6,0.1715231911198941,328.6757427388484,0.7749367663876232,7.3385397410251585,0.7214862842055169,0.4313040304162656,0.5502572613775584,0.45402186495580477,14.531922247623966,4.328917705233101,0.2785137157944832,kefrin_warm,6
4,2023-05,6,0.16463787486848488,328.84499368391045,0.7719407577325956,7.334762718992284,0.6715209859787169,0.44555085947291,0.5168739720976075,0.451177105402895,13.45942873977728,4.029125915872301,0.32847901402128316,kefrin_warm,6
5,2023-06,6,0.16785203724406783,329.843595239455,0.7682398339688079,7.312556723282657,0.7157701375167672,0.43863900385282345,0.544740766215379,0.47598730023326996,14.799521679427972,4.294620825100603,0.28422986248323284,kefrin_warm,6
6,2023-07,6,0.14780020757431458,328.23462349238537,0.7705486729579212,7.348402110467654,0.756710317672474,0.4174410726974411,0.5750594177931303,0.49412611266764567,16.271387723542503,4.540261906034844,0.24328968232752604,kefrin_warm,6
7,2023-08,6,0.15353344139495687,328.2634764980665,0.7765237001227833,7.347756216230188,0.7489596551667786,0.4391180656071921,0.563601445272189,0.5013371133265324,15.890882675038045,4.493757931000672,0.2510403448332214,kefrin_warm,6
8,2023-09,6,0.16642166524110963,378.88500471542227,0.764145351783481,6.366047666129295,0.6959034762646806,0.5542400268268971,0.5022044461020501,0.5060622461028665,15.509566414737549,4.175420857588084,0.3040965237353194,kefrin_warm,6
9,2023-10,6,0.16890033143350033,380.31467657219144,0.7620217797502428,6.342116538177179,0.6928940645438817,0.5588013421529072,0.49949466042341667,0.5051419010425361,15.587273331839777,4.15736438726329,0.30710593545611836,kefrin_warm,6
10,2023-11,6,0.1718886137966367,390.0441731775206,0.7571422771974653,6.183914966221604,0.6776705338617549,0.5574172051484482,0.4918692705192155,0.49830898044137273,14.961274732216344,4.06602320317053,0.32232946613824515,kefrin_warm,6
11,2023-12,6,0.17214024747770879,389.1536924556337,0.7591542133602778,6.198065306228556,0.6584757313396207,0.5489122609315634,0.48365930073339064,0.4877089962713663,14.421522248630755,3.9508543880377243,0.34152426866037927,kefrin_warm,6
12,2024-01,6,0.1716160933290621,395.1318141608887,0.7563926117085785,6.104292070538994,0.6792627955515259,0.542175387468241,0.4964356778811139,0.49397782612678726,14.798549569783287,4.075576773309155,0.3207372044484742,kefrin_warm,6
13,2024-02,6,0.1701571672564007,391.65808698224305,0.7598683506007217,6.158432776365359,0.6846012948650309,0.5535207136433604,0.4964688817056339,0.5056057267576093,15.19731666593183,4.107607769190185,0.3153987051349692,kefrin_warm,6
14,2024-03,6,0.17063128509842615,392.64072764270117,0.7578689309016616,6.143020400560416,0.6780512516040121,0.5617657929022,0.4910191223023682,0.5057438893335131,15.084775203295106,4.068307509624073,0.3219487483959879,kefrin_warm,6
15,2024-04,6,0.1654065320053455,386.3023714352088,0.7604883109911594,6.243813598758982,0.6840829873647523,0.5559281240525235,0.49560422060847387,0.5112236829224046,15.2019494859081,4.104497924188514,0.3159170126352478,kefrin_warm,6
16,2024-05,6,0.1654823179540416,390.5107608365738,0.7593971150359058,6.176526339076751,0.6990230693346041,0.5482598434056158,0.5053496837000819,0.5213670340632071,15.703539199102282,4.1941384160076245,0.30097693066539594,kefrin_warm,6
17,2024-06,6,0.15168980518821532,384.72549622129253,0.7540874777885831,6.269405130905665,0.7285210091830758,0.5292760440774913,0.5257844552579447,0.551705328486578,16.733243867735133,4.371126055098455,0.2714789908169242,kefrin_warm,6
18,2024-07,6,0.15295562648951122,388.39885103123765,0.7495888878253545,6.210111058763176,0.730095719697223,0.5185813839480103,0.5295867399342803,0.5476899687692502,16.86412052180147,4.380574318183338,0.269904280302777,kefrin_warm,6
19,2024-08,6,0.15284660446508674,389.8876508610838,0.7484467777139003,6.186397529321571,0.7363344730898391,0.5412645086649839,0.5264978507765625,0.5529572928432744,16.895421751677958,4.418006838539035,0.2636655269101609,kefrin_warm,6
20,2024-09,6,0.1610177105766455,395.61225032317634,0.7540488161073693,6.096878946568598,0.7223254930549722,0.5746277369923682,0.5104527546225321,0.5349392810974921,15.927913434731416,4.333952958329833,0.2776745069450277,kefrin_warm,6
21,2024-10,6,0.15913910496722675,395.8991487594803,0.7521896359310907,6.092460687419555,0.7125582532907665,0.5615944339976797,0.5089088396141851,0.5303518589534114,15.924918177501755,4.275349519744599,0.28744174670923356,kefrin_warm,6
22,2024-11,6,0.1589120996024883,398.956922426283,0.7483839261248855,6.04576550603825,0.7096756118099189,0.5626865824832339,0.5071556928270801,0.545861270636901,15.71498998283056,4.258053670859513,0.29032438819008116,kefrin_warm,6
23,2024-12,6,0.167117768049593,391.84422229536716,0.7593889421926491,6.155507374514418,0.712804451617489,0.5798786568302555,0.5043403620093588,0.5451300560815696,15.876241433862464,4.276826709704934,0.2871955483825111,kefrin_warm,6
0,2023-01,6,0.19798413322856742,327.04979845093317,0.812632088118081,7.375023655187697,0.7437020483556788,0.40963427992756746,0.5700413231774862,0.4517844882122019,12.94387090817596,4.462212290134072,0.2562979516443212,kefrin_fixed0.5,6
1,2023-02,6,0.2012421628854518,334.44699583433885,0.8121092808648426,7.211905115137387,0.6342856775698423,0.41393321898621926,0.5023838397486192,0.46556790379435764,13.221516945443707,3.805714065419054,0.3657143224301576,kefrin_fixed0.5,6
2,2023-03,6,0.17866243233659676,335.8620752278827,0.7898259786285744,7.181519373282785,0.7306801087856017,0.4187990774558272,0.559475915768688,0.45799404930771936,13.432570196375151,4.38408065271361,0.2693198912143982,kefrin_fixed0.5,6
3,2023-04,6,0.18334714327588011,327.66831678716136,0.7942271537268437,7.361102298965105,0.6763181671865408,0.42378599463470745,0.5256573294803668,0.44978139231104464,13.396547797100357,4.057909003119245,0.32368183281345914,kefrin_fixed0.5,6
4,2023-05,6,0.18063622914239713,327.57686613157136,0.790544507338828,7.363157320856779,0.6621607375101536,0.420766353612116,0.5178734480112069,0.45553234362107514,12.860964916715966,3.9729644250609217,0.33783926248984636,kefrin_fixed0.5,6
5,2023-06,6,0.16506218112047616,377.4384010377479,0.7706175161405876,6.390446741424103,0.6527968239393097,0.5058617915353673,0.4907416701958797,0.46195727611259274,14.762964919107429,3.916780943635858,0.34720317606069034,kefrin_fixed0.5,6
6,2023-07,6,0.1615976286089882,374.4991642650916,0.7743086883256725,6.440601822792455,0.6569217952313706,0.5114929083932351,0.4917039411247591,0.47190682432762765,14.861764523487635,3.9415307713882237,0.3430782047686294,kefrin_fixed0.5,6
7,2023-08,6,0.1608755193896567,373.6721102288084,0.7701081583322379,6.45485690254773,0.6570522814277486,0.5171276882894265,0.49041806643023195,0.4737502041963221,14.841747683382636,3.942313688566492,0.34294771857225137,kefrin_fixed0.5,6
8,2023-09,6,0.1592989452028615,379.07360030392226,0.7716454502015052,6.362880448720721,0.6440376597439187,0.5264910805876994,0.480955297386049,0.46193653997718354,14.195990188325137,3.8642259584635124,0.35596234025608126,kefrin_fixed0.5,6
9,2023-10,6,0.1605889040734125,377.94954666314146,0.772027135229563,6.38180418866798,0.6403563572478778,0.5155345226060861,0.4814254057383138,0.4638886303164956,14.198912175842217,3.8421381434872663,0.3596436427521223,kefrin_fixed0.5,6
10,2023-11,6,0.16583824482105342,387.07401589566695,0.7647537481644832,6.2313663561703345,0.6268604651525314,0.5116453981022396,0.4746317081729233,0.4621561287211687,13.665408325023972,3.761162790915188,0.37313953484746865,kefrin_fixed0.5,6
11,2023-12,6,0.16659409290351698,390.64408978911297,0.7627666574423967,6.174418257043398,0.6256896574804877,0.5094753446711069,0.4744481742707075,0.46319941285446736,13.650020193904654,3.7541379448829257,0.3743103425195124,kefrin_fixed0.5,6
12,2024-01,6,0.16506752049737067,392.13640659202565,0.7579271966688129,6.150920851655116,0.6290031341081757,0.5121940886841939,0.47573483857430954,0.4610247762846595,13.434466715798148,3.774018804649054,0.37099686589182435,kefrin_fixed0.5,6
13,2024-02,6,0.16440830056557482,389.9490495291524,0.7595201935000272,6.185423462148177,0.6288923928380493,0.5073504964537636,0.4767699460028575,0.4597469998901089,13.647401589958623,3.773354357028296,0.3711076071619505,kefrin_fixed0.5,6
14,2024-03,6,0.16710537803708123,394.14868650224156,0.7555667271215932,6.119518046361123,0.6410106269976401,0.5398073782996378,0.47622587172510933,0.47823700361621846,14.063524195550922,3.8460637619858407,0.35898937300236006,kefrin_fixed0.5,6
15,2024-04,6,0.1654485688307347,387.5663721052082,0.757933459291013,6.2234501587388555,0.6524997388879811,0.5544195120931258,0.4791596287160378,0.48578095331795,14.281355014654537,3.914998433327886,0.347500261112019,kefrin_fixed0.5,6
16,2024-05,6,0.16529884876928333,390.898219822748,0.7553431713257315,6.17040415557205,0.6605240711135314,0.5520935515243002,0.4840170504484939,0.48984251697165726,14.541052882783454,3.9631444266811884,0.3394759288864686,kefrin_fixed0.5,6
17,2024-06,6,0.16021888091744413,382.9315997025604,0.758588096714744,6.298775034166692,0.6390910697013484,0.5482417386206216,0.4732688382918315,0.46640295563181416,13.850179370524682,3.834546418208091,0.3609089302986515,kefrin_fixed0.5,6
18,2024-07,6,0.16324026919681672,386.66942909268465,0.7578632675367751,6.237886469741683,0.6697730659083626,0.5427801054987714,0.49120180836761507,0.48772842075491973,14.901292029782258,4.018638395450176,0.3302269340916373,kefrin_fixed0.5,6
19,2024-08,6,0.16421337658814714,391.06273954132024,0.7563330507912548,6.16780827247579,0.6812997616174692,0.5504610362413632,0.4954802954038999,0.49544084240004727,15.232398900732491,4.087798569704815,0.3187002383825308,kefrin_fixed0.5,6
20,2024-09,6,0.16697842267162744,399.0918150641413,0.7551407307077164,6.043722043290585,0.6714581616001959,0.5557341835796534,0.4889903213671536,0.48802220671995095,14.490793367402787,4.028748969601176,0.32854183839980416,kefrin_fixed0.5,6
21,2024-10,6,0.16759864732927687,396.4244937878295,0.7577900424361782,6.084386907966712,0.6704483631997493,0.5520442066890584,0.4893365291013627,0.48500447160019544,14.730075892481064,4.022690179198496,0.32955163680025057,kefrin_fixed0.5,6
22,2024-11,6,0.16929737945542925,398.1756463970951,0.753129288278532,6.057628139302486,0.6687353231173625,0.5533087038755699,0.4881218894157781,0.4913687993277862,14.495450713663264,4.012411938704175,0.33126467688263755,kefrin_fixed0.5,6
23,2024-12,6,0.17000246687433865,395.43243238070244,0.760499394742431,6.099651425854336,0.6864889307242262,0.5603599979760985,0.4957740898715546,0.5112163038818772,15.193118688747557,4.118933584345357,0.3135110692757737,kefrin_fixed0.5,6
0,2023-01,6,0.19798413322856742,327.04979845093317,0.812632088118081,7.375023655187697,0.7437020483556788,0.40963427992756746,0.5700413231774862,0.4517844882122019,12.94387090817596,4.462212290134072,0.2562979516443212,kefrin_t_affect,6
1,2023-02,6,0.2012421628854518,334.44699583433885,0.8121092808648426,7.211905115137387,0.6342856775698423,0.41393321898621926,0.5023838397486192,0.46556790379435764,13.221516945443707,3.805714065419054,0.3657143224301576,kefrin_t_affect,6
2,2023-03,6,0.17866243233659676,335.8620752278827,0.7898259786285744,7.181519373282785,0.7306801087856017,0.4187990774558272,0.559475915768688,0.45799404930771936,13.432570196375151,4.38408065271361,0.2693198912143982,kefrin_t_affect,6
3,2023-04,6,0.17269633401360784,327.63338557125746,0.7858126803842158,7.3618871159740555,0.626987976563282,0.4385005090806346,0.491780521661029,0.4500742131002886,13.207381860954001,3.761927859379692,0.373012023436718,kefrin_t_affect,6
4,2023-05,6,0.16976169097669677,327.70623587032355,0.782545812319744,7.360250541446672,0.6426854984329035,0.42388199186443554,0.5050880051638011,0.45295641228703504,12.701782126932336,3.856112990597421,0.3573145015670965,kefrin_t_affect,6
5,2023-06,6,0.17004415271014545,325.71110802606546,0.7792761695702322,7.405335404793673,0.6395298975143766,0.43416083352612495,0.5005482534235447,0.4626589754420658,13.568698370884356,3.8371793850862597,0.36047010248562333,kefrin_t_affect,6
6,2023-07,6,0.1653194665497647,373.045828798024,0.7700312737608352,6.465693525569252,0.6525969186884987,0.5237390009413619,0.48636276603013207,0.46136183809136866,14.685130079269179,3.915581512130992,0.34740308131150127,kefrin_t_affect,6
7,2023-08,6,0.16446182092671938,371.7972931183203,0.7651904280740723,6.4874060264672435,0.6462928579632413,0.5296517125297079,0.4814780495263195,0.45291094031246365,14.460082628881098,3.877757147779448,0.35370714203675874,kefrin_t_affect,6
8,2023-09,6,0.16824707734968986,382.3489339115331,0.7668549306550703,6.308373807465832,0.6367998187297387,0.536475351809918,0.4746472944045462,0.45064551830175126,13.884720947797305,3.8207989123784323,0.36320018127026127,kefrin_t_affect,6
9,2023-10,6,0.17231149521258493,383.2142733197445,0.7661322952376494,6.294128814944966,0.6418229851894585,0.5538083434551044,0.4735139190781562,0.4635861915392965,14.096975999555076,3.8509379111367505,0.3581770148105416,kefrin_t_affect,6
10,2023-11,6,0.17464664359564414,392.11769199144743,0.7585911684782475,6.151214416646646,0.6469860779797086,0.5523353418668417,0.4766526807357645,0.46989350185991974,14.133673510312168,3.881916467878252,0.3530139220202913,kefrin_t_affect,6
11,2023-12,6,0.17477239408571582,389.4153836511046,0.7598724376404459,6.193900141759741,0.6432098999206609,0.5490481645828184,0.47534151550164117,0.47327381063264545,14.023926198314893,3.8592593995239657,0.35679010007933903,kefrin_t_affect,6
12,2024-01,6,0.17292879264757488,395.7920888020112,0.7531772163281472,6.094108670288672,0.649085648036183,0.5444980562383716,0.47958714300880134,0.4695093363097317,13.903169491931152,3.894513888217098,0.3509143519638171,kefrin_t_affect,6
13,2024-02,6,0.17345087693011918,392.2097345598384,0.7565462777812635,6.149770868657537,0.6509510540260793,0.5397929929278393,0.4816939895009474,0.4744931240929499,14.177872606107478,3.9057063241564762,0.3490489459739206,kefrin_t_affect,6
14,2024-03,6,0.17520556026136752,393.5085192097512,0.7554378636611111,6.129473397027869,0.6529665409435267,0.5477017416371837,0.48096027816810083,0.4796077867095341,14.341850415425455,3.9177992456611603,0.34703345905647337,kefrin_t_affect,6
15,2024-04,6,0.16683935521705787,386.2495852642772,0.7606347969326075,6.244666899382369,0.6622795296060552,0.5575306342838419,0.4836836382771053,0.48553123957724,14.524163892797539,3.973677177636331,0.33772047039394487,kefrin_t_affect,6
16,2024-05,6,0.16768349445849345,390.2800058925839,0.7594124654959646,6.180178240193658,0.6702441678760223,0.5516309505565906,0.48932667511328604,0.4886024060350074,14.817143465856217,4.0214650072561335,0.3297558321239777,kefrin_t_affect,6
17,2024-06,6,0.1617985846010094,381.811599272541,0.7613747436202365,6.317251766566394,0.656864650710253,0.548778423325301,0.4828207392313208,0.4744625159223227,14.365865138263237,3.9411879042615183,0.34313534928974704,kefrin_t_affect,6
18,2024-07,6,0.16511475299255865,386.8812215072801,0.7583673948854559,6.234471630861029,0.672608325593798,0.542863826549384,0.49270472071940863,0.4877585062056363,14.978935357390519,4.035649953562788,0.3273916744062019,kefrin_t_affect,6
19,2024-08,6,0.16459180755877179,391.374096380408,0.7564941160402526,6.1629014855791135,0.6808971772237326,0.5488459743803509,0.4956638080800391,0.49078878084821154,15.213793309965821,4.0853830633423955,0.3191028227762674,kefrin_t_affect,6
20,2024-09,6,0.16788546648673575,399.3496710135721,0.7560787061216447,6.039819674517842,0.665709745060624,0.5526170200442224,0.48667171907621787,0.47922232824142263,14.319978931501897,3.994258470363744,0.334290254939376,kefrin_t_affect,6
21,2024-10,6,0.16827013907014576,397.2357347163188,0.7572678447292622,6.071961279421405,0.6612584856329478,0.5499664777346981,0.48491092825121657,0.4762618346504538,14.447863095541173,3.9675509137976865,0.33874151436705224,kefrin_t_affect,6
22,2024-11,6,0.1694947046742799,398.48553316229595,0.7530542232284086,6.052917356519529,0.6649060476542136,0.5558243352484905,0.4854849190963586,0.4881787679517698,14.379475212694217,3.989436285925281,0.3350939523457865,kefrin_t_affect,6
23,2024-12,6,0.17018607563655705,395.29331385901645,0.7602056206711696,6.101798121635452,0.6838894912545547,0.5584878190809076,0.49487498463694873,0.5058295488928769,15.107827523029854,4.103336947527328,0.3161105087454453,kefrin_t_affect,6
0,2023-01,6,0.19798413322856742,327.04979845093317,0.812632088118081,7.375023655187697,0.7437020483556788,0.40963427992756746,0.5700413231774862,0.4517844882122019,12.94387090817596,4.462212290134072,0.2562979516443212,kefrin_t_affect_fe,6
1,2023-02,6,0.20070867233460896,334.26735988767865,0.8125025106230009,7.215780807346809,0.6333724733008349,0.41387884708411976,0.501824472528643,0.46420023586311876,13.186957211410784,3.800234839805009,0.36662752669916515,kefrin_t_affect_fe,6
2,2023-03,6,0.20198496520101786,334.86440415004853,0.8078905827079007,7.202915478944763,0.6639707545666192,0.4184158570366043,0.5196137867416204,0.45656612437633826,12.898225862098933,3.9838245273997157,0.3360292454333807,kefrin_t_affect_fe,6
3,2023-04,6,0.195980467593211,327.50185195451,0.8057546589203237,7.364843849295323,0.6129119027286312,0.42320207045439256,0.48667533551665726,0.44816347314959804,12.675060749336943,3.677471416371787,0.38708809727136884,kefrin_t_affect_fe,6
4,2023-05,6,0.19449611349834714,325.9299070513405,0.8026336346984879,7.4003641513635685,0.5786748913023164,0.4176042490495748,0.46605048556969814,0.4510375636424683,12.383434112093589,3.4720493478138987,0.4213251086976835,kefrin_t_affect_fe,6
5,2023-06,6,0.1918787252909946,324.7160411088455,0.7993092953485824,7.428028476090878,0.5911266888503737,0.4309221989588174,0.47111878360374004,0.46062525041347047,12.92340508073046,3.546760133102242,0.40887331114962633,kefrin_t_affect_fe,6
6,2023-07,6,0.19437515029348273,324.87393125676385,0.8002979976811678,7.424418421845236,0.5839625696249569,0.4306343962043104,0.46661968018510436,0.45457779370146734,12.685045859067692,3.503775417749741,0.41603743037504315,kefrin_t_affect_fe,6
7,2023-08,6,0.18196590462133166,324.5898518027033,0.7842645994988001,7.4309162366114085,0.6465839039959683,0.44281705161227103,0.5026624162888843,0.4619177411371687,13.624194292859041,3.8795034239758097,0.35341609600403173,kefrin_t_affect_fe,6
8,2023-09,6,0.18420242315578522,331.7287822372595,0.7868634881100214,7.271000073412039,0.6371279608465706,0.435942877887575,0.49863217713961583,0.45134200146113,13.07108014103091,3.822767765079424,0.36287203915342925,kefrin_t_affect_fe,6
9,2023-10,6,0.18340423081647764,330.1532361892762,0.7871696921677073,7.305698492736281,0.6279571906312654,0.42909249708277336,0.4946680375771587,0.4496432479873136,12.908795594936947,3.7677431437875923,0.37204280936873463,kefrin_t_affect_fe,6
10,2023-11,6,0.178241756200846,340.83181444279865,0.7815125303647414,7.07680415322497,0.6287112513264143,0.4203274824878358,0.4972940337274453,0.45334680614030165,12.85751937817305,3.7722675079584858,0.37128874867358563,kefrin_t_affect_fe,6
11,2023-12,6,0.16877931224808876,338.56324891403267,0.7729373551487699,7.124222749328739,0.6394695425690841,0.4199418658476116,0.5040988270017579,0.4538318029126108,12.951723468419118,3.8368172554145046,0.360530457430916,kefrin_t_affect_fe,6
12,2024-01,6,0.16882271880681474,343.88936129810367,0.7668962967852082,7.01388374125693,0.6349959033530205,0.41799266880714303,0.5018049980517272,0.46083896489612464,12.490586345468637,3.809975420118123,0.36500409664697947,kefrin_t_affect_fe,6
13,2024-02,6,0.17122924365023479,342.48476879023445,0.7678889854819323,7.042648957849875,0.6443029425953863,0.4173986987333314,0.5077524593961432,0.4623895835823516,12.872019789048501,3.865817655572318,0.35569705740461366,kefrin_t_affect_fe,6
14,2024-03,6,0.1689371348884237,343.71507244145124,0.7650980179504218,7.017440296892602,0.6352915377500828,0.4263175374172839,0.49990051885899234,0.4708944373999422,12.551004936388814,3.8117492265004973,0.3647084622499172,kefrin_t_affect_fe,6
15,2024-04,6,0.1609093050654645,337.74197450589395,0.7674139679676338,7.141546452817069,0.6086029868425816,0.4192104686999405,0.48489133126286965,0.4571630546936064,12.207679084423702,3.65161792105549,0.3913970131574183,kefrin_t_affect_fe,6
16,2024-05,6,0.15199588971967334,343.746863682817,0.7661199935175292,7.0167912927508365,0.6387704177371576,0.42233422310957514,0.5030581125596022,0.46769882150615083,12.730079393423587,3.8326225064229456,0.3612295822628424,kefrin_t_affect_fe,6
17,2024-06,6,0.12994264669164501,343.6483587385305,0.7645687555390979,7.018802618042482,0.6621954550048494,0.412244069452962,0.5201906206519968,0.4819277613512958,13.669917836078108,3.9731727300290967,0.3378045449951506,kefrin_t_affect_fe,6
18,2024-07,6,0.1313820282376985,347.2007117967138,0.7634180053483846,6.946990366230088,0.6512080790192772,0.40370669743007653,0.5156462059649198,0.4950550709500742,13.657014876214205,3.9072484741156637,0.3487919209807227,kefrin_t_affect_fe,6
19,2024-08,6,0.1366101738110594,349.5461116821217,0.7623901420469801,6.900377144499551,0.6506709938864682,0.4114014682443541,0.5132741699981369,0.49531138582763834,13.736172711494389,3.904025963318809,0.34932900611353174,kefrin_t_affect_fe,6
20,2024-09,6,0.13431997681093463,351.494908121397,0.7642015176098058,6.862119320280336,0.6306443723083276,0.4300427408941607,0.4961000399967267,0.48876773024619935,12.853862193101264,3.783866233849966,0.3693556276916723,kefrin_t_affect_fe,6
21,2024-10,6,0.13381156290934518,351.4727406056254,0.764838421009969,6.8625521166843955,0.6510011275945942,0.42237924302445506,0.5106013887400008,0.4871003287581882,13.371406209793133,3.906006765567565,0.3489988724054059,kefrin_t_affect_fe,6
22,2024-11,6,0.1334740389842696,354.3130160614294,0.7618714042819605,6.80753991713874,0.6523438279178742,0.4246947814937162,0.510822090321764,0.48422385364572945,13.04163477439336,3.914062967507245,0.3476561720821259,kefrin_t_affect_fe,6
23,2024-12,6,0.13631555326961603,346.7376838627695,0.7689742460160699,6.956267265586893,0.6073059031691205,0.42636210365596144,0.48239761628556777,0.48451905469656154,12.553482281250925,3.643835419014723,0.3926940968308794,kefrin_t_affect_fe,6
0,2023-01,7,0.14809902721878923,314.7876905946665,0.7826629545215508,7.44575916836389,0.687247189942184,0.421956491678277,0.5327545448613932,0.45015394481083487,14.693490989514885,4.810730329595288,0.3127528100578159,kefrin_warm,7
1,2023-02,7,0.12742174487557884,321.0237175605278,0.7618228632263886,7.301122020342352,0.6584184462266942,0.43459466614392056,0.5119316811777,0.46295733227417535,15.846306496197151,4.60892912358686,0.3415815537733057,kefrin_warm,7
2,2023-03,7,0.1299864989341221,321.97249456794003,0.7630995387713563,7.279607335646978,0.6726730135230952,0.4384454759568085,0.5194665234239176,0.45812976936905486,15.019099076162089,4.708711094661666,0.32732698647690484,kefrin_warm,7
3,2023-04,7,0.11516547458645245,316.33629800494793,0.7515455473366791,7.409308853000082,0.6782381332609458,0.44124673304241324,0.5220146274915973,0.4750631768771717,16.63357305917717,4.747666932826621,0.3217618667390542,kefrin_warm,7
4,2023-05,7,0.11358200682357374,316.6397964199614,0.7513098307747423,7.40220704988293,0.641819830387956,0.44940043282367365,0.498139428023662,0.47790304162308017,15.871569985267614,4.492738812715692,0.3581801696120439,kefrin_warm,7
5,2023-06,7,0.11821553588718765,315.5072596005646,0.748761696326003,7.428777823688272,0.6844979972966263,0.4398151611904193,0.5261109342287822,0.4887372757305424,17.19558604118209,4.791485981076384,0.31550200270337364,kefrin_warm,7
6,2023-07,7,0.10781214273068701,312.3594635634458,0.746833988030793,7.503641178642436,0.6999158652111861,0.44656237181146285,0.5332464426958364,0.5134622277970123,18.048011965614975,4.899411056478303,0.30008413478881396,kefrin_warm,7
7,2023-08,7,0.1142137790460827,311.09705333428514,0.7531567344401746,7.53409043323467,0.6969277706252278,0.4573705200573503,0.5284743447244132,0.5211012641013635,17.853416425703866,4.878494394376594,0.30307222937477224,kefrin_warm,7
8,2023-09,7,0.1066922866214338,315.25885679884783,0.7492251397377041,7.434631201586908,0.6730301017443113,0.45721523673269415,0.514659329753961,0.5060270745840023,16.46346102507523,4.711210712210179,0.32696989825568873,kefrin_warm,7
9,2023-10,7,0.10949844436911409,315.80224586538327,0.7469628700691918,7.4218387108381645,0.6758154281666237,0.4429586255697501,0.5201147690409561,0.4905208377033603,16.48431987405041,4.730707997166365,0.32418457183337646,kefrin_warm,7
10,2023-11,7,0.1231299302082273,327.15838867240296,0.743208880233827,7.164215910356219,0.6709970079953723,0.4634619715501896,0.5118279386415943,0.4814375655432518,16.383187444070767,4.696979055967607,0.3290029920046276,kefrin_warm,7
11,2023-12,7,0.11998035004514213,326.4681925663216,0.7408124733518444,7.179361992078865,0.6567465401478125,0.4656443388585662,0.502941764114177,0.4746053347591539,16.272481240507293,4.5972257810346875,0.3432534598521876,kefrin_warm,7
12,2024-01,7,0.12152867616183337,331.1821509352679,0.7366024880877434,7.077172869112303,0.6638845097299662,0.4706505721100027,0.5058331007633466,0.4808230173033205,15.953752367871411,4.647191568109763,0.3361154902700338,kefrin_warm,7
13,2024-02,7,0.12393560020045943,328.1854468844748,0.7376356492907874,7.1417954561476655,0.6739281025265244,0.4682723237493166,0.5122661793111212,0.4894573244322819,16.568332178030484,4.717496717685671,0.3260718974734756,kefrin_warm,7
14,2024-03,7,0.12357189498903592,327.0450365426955,0.7362163697421129,7.166698990789751,0.694646458988314,0.48780717073721536,0.518836785823641,0.5175066905125942,17.224123525636706,4.862525212918198,0.3053535410116859,kefrin_warm,7
15,2024-04,7,0.12438811658755027,322.66109388754046,0.7426949071642147,7.264071738845116,0.6929983410568259,0.4789159172022803,0.5203127997930932,0.5113542719668996,16.793587686588662,4.8509883873977815,0.307001658943174,kefrin_warm,7
16,2024-05,7,0.118778439414283,327.0372519291987,0.7278802394434144,7.166869582920656,0.6914347740356765,0.4833359158888651,0.5182410662638759,0.5129535727303549,17.202142398334303,4.840043418249736,0.3085652259643234,kefrin_warm,7
17,2024-06,7,0.11546236828064659,320.97505941624564,0.738653990249917,7.3022288323461675,0.7396561255485435,0.4682223333259577,0.5493895904135603,0.5577625518808037,18.788464858752505,5.177592878839805,0.2603438744514565,kefrin_warm,7
18,2024-07,7,0.12784539235768888,324.8092356397411,0.7433961935586303,7.216030445430354,0.7175126026641175,0.4923543365556405,0.5302063657672638,0.5501783056669136,18.78595982599162,5.022588218648822,0.28248739733588246,kefrin_warm,7
19,2024-08,7,0.12543278287650225,325.76677865059133,0.7405686793612334,7.194819996815164,0.7267780482938513,0.49428166289534436,0.5346971527325496,0.5528200667481787,18.9070873850753,5.087446338056959,0.27322195170614866,kefrin_warm,7
20,2024-09,7,0.1475584310080516,351.6831837939353,0.7163763913369926,6.664615885377889,0.6818949005863014,0.5900400539878295,0.4862532064411667,0.5125456133101659,18.0657985351577,4.77326430410411,0.3181050994136986,kefrin_warm,7
21,2024-10,7,0.14626123261471105,351.97493628919995,0.715366646021686,6.659091576360211,0.6717632105775415,0.5929557018791797,0.4804053519395666,0.5061734638748737,18.062703954160842,4.702342474042791,0.32823678942245843,kefrin_warm,7
22,2024-11,7,0.14453079827758358,355.15030418059683,0.7111987253584239,6.599553219420797,0.6671714361696574,0.5889711177418714,0.47896476655746034,0.5199545235451197,17.798953286528764,4.670200053187601,0.33282856383034265,kefrin_warm,7
23,2024-12,7,0.15821166542213289,352.3011348980032,0.719913111870636,6.652925866991347,0.6628289574674403,0.5893866008388962,0.47662819305345494,0.5107158820090716,17.72270091610288,4.639802702272082,0.3371710425325597,kefrin_warm,7
0,2023-01,7,0.14809902721878923,314.7876905946665,0.7826629545215508,7.44575916836389,0.687247189942184,0.421956491678277,0.5327545448613932,0.45015394481083487,14.693490989514885,4.810730329595288,0.3127528100578159,kefrin_fixed0.5,7
1,2023-02,7,0.14799914937896747,320.4009210290523,0.7817749273551724,7.315313969153061,0.5901791577246787,0.4312044140961692,0.47045426067650997,0.4583615906112532,14.840624416012712,4.131254104072751,0.4098208422753214,kefrin_fixed0.5,7
2,2023-03,7,0.12993017165375387,321.7033328914527,0.7622356280020702,7.285698013343794,0.6708249461016116,0.4396208805888558,0.5180480833724371,0.4543404336452118,14.965262636608557,4.695774622711281,0.32917505389838836,kefrin_fixed0.5,7
3,2023-04,7,0.13537402990450007,315.6606740749859,0.7670183658476852,7.4251673579603095,0.6206874771092185,0.43993069020739356,0.4875557596754938,0.44415430920137644,14.82724543342175,4.3448123397645295,0.37931252289078143,kefrin_fixed0.5,7
4,2023-05,7,0.13595800028852906,316.30839324111116,0.7641519507963306,7.409962503102812,0.6116667454527918,0.4327356769400798,0.4836495380320602,0.4475336051978203,14.425321299709092,4.2816672181695425,0.38833325454720813,kefrin_fixed0.5,7
5,2023-06,7,0.11363060223250801,314.65481369937925,0.7448331864318942,7.448903469096864,0.6538987730368783,0.44672281587802803,0.5060699269641535,0.4619024844093915,16.664497477005437,4.577291411258148,0.3461012269631217,kefrin_fixed0.5,7
6,2023-07,7,0.11429013196383592,312.6449927202095,0.7481590518043987,7.496788331520999,0.6667529613623067,0.45060404820939937,0.5127127352729708,0.4712117738643089,16.949877573396968,4.667270729536146,0.33324703863769345,kefrin_fixed0.5,7
7,2023-08,7,0.11690549060162865,312.21990506867684,0.7468225759006177,7.506995214855943,0.6496377003953892,0.4601946012992622,0.500121496553419,0.47374574136008146,16.500373922838534,4.547463902767724,0.35036229960461085,kefrin_fixed0.5,7
8,2023-09,7,0.12491290055180515,317.7850370937532,0.7528046621714016,7.375530814063639,0.6163776821674597,0.476567432152207,0.47642884032688343,0.4611379648834665,15.368904307164406,4.314643775172218,0.3836223178325403,kefrin_fixed0.5,7
9,2023-10,7,0.12339017930554916,316.87270338901874,0.7527134360541039,7.3967662984711335,0.6375282174575567,0.4580270168209668,0.4934409268036242,0.4608716379304748,15.715341849534486,4.462697522202897,0.3624717825424432,kefrin_fixed0.5,7
10,2023-11,7,0.13798519337845205,328.5005392720063,0.7449348191833132,7.13494516181778,0.6422332956726983,0.48577022620880733,0.4895153631055745,0.46707016969791093,15.868573905257282,4.495633069708888,0.3577667043273017,kefrin_fixed0.5,7
11,2023-12,7,0.14677491394805664,326.50737795267634,0.7470344058476581,7.1785003696701954,0.6284904276334312,0.49458884618675814,0.4794546545697295,0.47264090727830754,15.710764041976436,4.399432993434019,0.3715095723665689,kefrin_fixed0.5,7
12,2024-01,7,0.14792927274799617,331.73108854155964,0.7426640853058265,7.065461798102459,0.6277689840245656,0.4940362798879657,0.479161517772276,0.4730037531410179,15.43752021973349,4.394382888171959,0.37223101597543434,kefrin_fixed0.5,7
13,2024-02,7,0.1481099361273474,328.5411724890029,0.7486917949438939,7.134062728201248,0.6499736376247084,0.48265647201857653,0.494760386289779,0.4813783554621171,16.00482266429025,4.549815463372958,0.3500263623752916,kefrin_fixed0.5,7
14,2024-03,7,0.16957097629150075,354.8483218124877,0.7249265788012743,6.605169559099351,0.6056984279909452,0.5806606136319176,0.44809949583512376,0.46790928205236487,15.927017529302255,4.239888995936616,0.39430157200905475,kefrin_fixed0.5,7
15,2024-04,7,0.167208050425078,349.64139557443576,0.7281074787502753,6.703535001862646,0.5958194042080073,0.5773739370763904,0.44331451428920166,0.45823090932633015,15.554341635239103,4.170735829456051,0.40418059579199267,kefrin_fixed0.5,7
16,2024-05,7,0.1673608969824145,352.83562782899804,0.7256724204769248,6.6428476845010485,0.599428778435879,0.5799596699707467,0.4447974010142137,0.4570246883073434,15.70534379617238,4.1960014490511535,0.4005712215641209,kefrin_fixed0.5,7
17,2024-06,7,0.16212715911040276,346.2397071629233,0.728721569742665,6.769394973611278,0.5886509180471716,0.574453383104167,0.4398982276376677,0.4427234261441351,15.31778907628692,4.120556426330201,0.4113490819528285,kefrin_fixed0.5,7
18,2024-07,7,0.16444413581676232,350.7785082721403,0.7238480144356884,6.681804266967649,0.6135913221603054,0.578077631063893,0.4529340621921491,0.4644152604074212,16.269836906866225,4.295139255122138,0.38640867783969457,kefrin_fixed0.5,7
19,2024-08,7,0.16315357196637761,354.0845421934663,0.7225631297036977,6.619417269146698,0.6242875803222049,0.5851751809073034,0.4572471499301954,0.4742532417250214,16.60644238270214,4.370013062255434,0.3757124196777952,kefrin_fixed0.5,7
20,2024-09,7,0.16577713771063662,361.948728882899,0.7213427664626064,6.475594873802229,0.6231940650975153,0.5794364447766871,0.4578601464919556,0.4776627313752768,16.041193216018208,4.362358455682607,0.37680593490248476,kefrin_fixed0.5,7
21,2024-10,7,0.16545981953669656,359.53479898328914,0.7257653335466983,6.519072256597538,0.6189382688961599,0.5819391064427769,0.455039975878277,0.47131162668131543,16.168937335773965,4.3325678822731195,0.3810617311038401,kefrin_fixed0.5,7
22,2024-11,7,0.16900978419227755,361.81149194662027,0.7220188918626844,6.478051099822807,0.6160249115052521,0.5747150562067636,0.454953665514189,0.4766958799631519,15.90565721413458,4.3121743805367645,0.38397508849474793,kefrin_fixed0.5,7
23,2024-12,7,0.17101531156828262,359.80807469005515,0.7267168009881974,6.514120994511732,0.6337174452268265,0.5808431827205095,0.4632131169392906,0.49397881070855293,16.659042706758157,4.436022116587785,0.36628255477317356,kefrin_fixed0.5,7
0,2023-01,7,0.14809902721878923,314.7876905946665,0.7826629545215508,7.44575916836389,0.687247189942184,0.421956491678277,0.5327545448613932,0.45015394481083487,14.693490989514885,4.810730329595288,0.3127528100578159,kefrin_t_affect,7
1,2023-02,7,0.14799914937896747,320.4009210290523,0.7817749273551724,7.315313969153061,0.5901791577246787,0.4312044140961692,0.47045426067650997,0.4583615906112532,14.840624416012712,4.131254104072751,0.4098208422753214,kefrin_t_affect,7
2,2023-03,7,0.12993017165375387,321.7033328914527,0.7622356280020702,7.285698013343794,0.6708249461016116,0.4396208805888558,0.5180480833724371,0.4543404336452118,14.965262636608557,4.695774622711281,0.32917505389838836,kefrin_t_affect,7
3,2023-04,7,0.12670431329554138,315.4598623255027,0.7601342153134477,7.429893984150931,0.5793450062752056,0.4508887545322627,0.4593527997829092,0.444969720424874,14.670212922383122,4.055415043926439,0.4206549937247943,kefrin_t_affect,7
4,2023-05,7,0.12824631888968177,316.40587925689385,0.7569218581584191,7.407679461702878,0.595137166923237,0.4344432754339044,0.47287401172959953,0.4434808098863617,14.255523444073106,4.165960168462659,0.4048628330767629,kefrin_t_affect,7
5,2023-06,7,0.1239086481185023,314.36767604481406,0.7563235669637027,7.455707160551751,0.5940531431829443,0.43875600208196847,0.4712297548818294,0.4559301213865899,15.225095287245994,4.15837200228061,0.4059468568170557,kefrin_t_affect,7
6,2023-07,7,0.12160401521919563,311.574937601071,0.7579341659687103,7.522534871961654,0.6258671089168463,0.441163861298017,0.49044920361788114,0.4574915961009911,15.722048220196948,4.381069762417924,0.3741328910831538,kefrin_t_affect,7
7,2023-08,7,0.1216805046020069,311.4419856969428,0.7543814001238206,7.525746177376563,0.6180448142121165,0.4480592695425143,0.4840118970111598,0.47088741911121174,15.578601364811725,4.326313699484816,0.3819551857878834,kefrin_t_affect,7
8,2023-09,7,0.12034548079197589,316.0592083572983,0.7567583790913406,7.415804606723179,0.6223687463887163,0.4564015691906221,0.4846919600206682,0.45988825631356484,14.998673573762682,4.3565812247210145,0.3776312536112835,kefrin_t_affect,7
9,2023-10,7,0.12767795750066477,315.2392237017104,0.7633636586017832,7.435094230377705,0.6300657754008968,0.446925108218883,0.49162734300134736,0.45670476462164833,15.215468431341042,4.410460427806278,0.3699342245991032,kefrin_t_affect,7
10,2023-11,7,0.12561786651158147,323.53882742719713,0.7446196381080283,7.244364925136362,0.635727160195976,0.45063289025842274,0.49416032418968125,0.4604693226988855,15.639042044848173,4.450090121371832,0.36427283980402414,kefrin_t_affect,7
11,2023-12,7,0.12579734315521532,326.16772286289756,0.7412597669561187,7.18597570832767,0.6217762306228505,0.4553499381560486,0.48457933435004125,0.45570408848787686,15.490706092068287,4.352433614359954,0.37822376937714947,kefrin_t_affect,7
12,2024-01,7,0.15065811387957884,352.03054143596336,0.7213339043778908,6.658039736474662,0.6006457404550966,0.5926127930259218,0.4429703053010652,0.44793988112091593,15.49762782915342,4.204520183185676,0.39935425954490344,kefrin_t_affect,7
13,2024-02,7,0.15019861500564965,350.04724993881644,0.7244255756558159,6.6957627398672726,0.6024565393602083,0.5888294549242403,0.4447013385008415,0.4514468682414471,15.736809977009983,4.217195775521458,0.3975434606397917,kefrin_t_affect,7
14,2024-03,7,0.15102436076544049,350.3748609478817,0.7238728317269786,6.689502000778471,0.6071127019024732,0.588595317228026,0.44728001085368846,0.4613936878688537,16.04603533194401,4.249788913317313,0.39288729809752665,kefrin_t_affect,7
15,2024-04,7,0.14874125301177438,345.8095848283049,0.7273449380688376,6.777814832683285,0.5945256523545662,0.5859145311156141,0.4409311560377997,0.4503294839681183,15.525762850786048,4.161679566481964,0.4054743476454338,kefrin_t_affect,7
16,2024-05,7,0.14920373410140253,348.5498497217247,0.7241875010457935,6.724528314112325,0.6069460011456772,0.5978998674935889,0.44533652362214926,0.45956892518068826,15.95419329871104,4.2486220080197405,0.39305399885432274,kefrin_t_affect,7
17,2024-06,7,0.14671052647010283,343.3766653564458,0.7276339108221914,6.825837541698684,0.589617649615846,0.5867869349113386,0.4380582763457934,0.4419058709914861,15.32062026709778,4.1273235473109215,0.41038235038415405,kefrin_t_affect,7
18,2024-07,7,0.16231047652293376,351.02021291080143,0.7244955310027622,6.677203326547266,0.6139008555008676,0.5797393820289918,0.45276179837848685,0.4657482589654394,16.303736875740185,4.297305988506073,0.3860991444991324,kefrin_t_affect,7
19,2024-08,7,0.16147605430512377,354.29936766497826,0.7229346283487817,6.615403659285212,0.621528205280257,0.5850758942689667,0.4557857438729882,0.4714969580656433,16.518129827911046,4.350697436961799,0.378471794719743,kefrin_t_affect,7
20,2024-09,7,0.16476712585347986,362.0729223691275,0.7213698165711543,6.473373700516145,0.6195201290258439,0.5776100863741787,0.4562537842785752,0.47327796436150626,15.921813819547907,4.336640903180907,0.38047987097415614,kefrin_t_affect,7
21,2024-10,7,0.16502177284983566,359.6058462665476,0.726177509660333,6.517784284285618,0.61714468901696,0.5800901054259916,0.45445132816460465,0.4695992179567854,16.11162902707554,4.32001282311872,0.38285531098303993,kefrin_t_affect,7
22,2024-11,7,0.16887571749173907,361.96136949064316,0.7221502989781527,6.475368729628818,0.6116741803641137,0.5739131832599126,0.45274056622505227,0.4720654193352659,15.762082193272489,4.281719262548796,0.38832581963588625,kefrin_t_affect,7
23,2024-12,7,0.17074209302497984,359.81403601796075,0.7269198756803995,6.514013069841271,0.630158346866331,0.5831728869290747,0.46081343567544375,0.4880444370319937,16.534266457332457,4.411108428064317,0.36984165313366896,kefrin_t_affect,7
0,2023-01,7,0.14809902721878923,314.7876905946665,0.7826629545215508,7.44575916836389,0.687247189942184,0.421956491678277,0.5327545448613932,0.45015394481083487,14.693490989514885,4.810730329595288,0.3127528100578159,kefrin_t_affect_fe,7
1,2023-02,7,0.14626884175630425,320.01804745223825,0.781670603100889,7.3240661018755295,0.5869405390613454,0.4309384819920258,0.46845240571751906,0.4523860761340415,14.725475972977279,4.108583773429418,0.4130594609386546,kefrin_t_affect_fe,7
2,2023-03,7,0.14806129718094593,320.8905293687336,0.7779107558135153,7.304152409683762,0.6137710003229226,0.4381555030605792,0.48369286170416453,0.44968590721177054,14.452709499170243,4.296397002260458,0.3862289996770774,kefrin_t_affect_fe,7
3,2023-04,7,0.14563088237898852,315.03772743391517,0.7760432134483234,7.439849672687199,0.5671114637540574,0.44108910587515526,0.45363593647087597,0.4388297055290956,14.127642398939878,3.969780246278402,0.43288853624594253,kefrin_t_affect_fe,7
4,2023-05,7,0.1470652952652269,315.1888877290313,0.7728259741091943,7.436281622175502,0.5346588768605557,0.43282475536136206,0.43418302178222995,0.4386777428315922,13.728040952743426,3.7426121380238895,0.46534112313944437,kefrin_t_affect_fe,7
5,2023-06,7,0.14315149932947396,311.840474138736,0.771561871762046,7.516129328005625,0.5446020856230798,0.4396138941032888,0.4394026554683212,0.4391962094651393,14.264297529211284,3.8122145993615586,0.4553979143769202,kefrin_t_affect_fe,7
6,2023-07,7,0.14404056780989616,310.0800892157465,0.7734084744684356,7.558799854777357,0.5414354621476697,0.4411216244272999,0.4370507466809828,0.43986742039684434,14.102039738713849,3.790048235033688,0.4585645378523302,kefrin_t_affect_fe,7
7,2023-08,7,0.14545705453877886,310.1596435138183,0.7683992668155647,7.556861062838146,0.5579775829430782,0.44875442729799603,0.4462410860583205,0.439827677745547,14.31678831331138,3.905843080601547,0.44202241705692186,kefrin_t_affect_fe,7
8,2023-09,7,0.13773501842892355,317.9939072290586,0.7602766175820095,7.37068629319685,0.5846650508482044,0.45112013138027657,0.4626414397843018,0.4363465394887597,14.310983684076833,4.092655355937431,0.41533494915179553,kefrin_t_affect_fe,7
9,2023-10,7,0.1362420872404452,315.5140019062672,0.7611257983797525,7.4286190760866395,0.5748108373072103,0.44391098309068117,0.45795645098713716,0.42943385837629355,14.145414491146283,4.023675861150472,0.4251891626927898,kefrin_t_affect_fe,7
10,2023-11,7,0.14029445929781334,326.4859618829952,0.7549147521315975,7.178971248305334,0.5997817364331538,0.45886716294712737,0.4703358391541156,0.4564510014803075,14.858839372102041,4.198472155032077,0.4002182635668463,kefrin_t_affect_fe,7
11,2023-12,7,0.13362165736892503,324.7783766543749,0.748245782537698,7.216716080293769,0.609674985275157,0.46082278706533564,0.47595454423246725,0.45448904791558303,15.000387498271103,4.267724896926099,0.39032501472484304,kefrin_t_affect_fe,7
12,2024-01,7,0.13587947285379323,329.9507174344853,0.7413119519328933,7.103586109942987,0.6082554638865814,0.4626497855718473,0.4746769692573059,0.46170301836320504,14.572042851372135,4.2577882472060695,0.39174453611341864,kefrin_t_affect_fe,7
13,2024-02,7,0.1353772854166053,327.31333471046463,0.7444602115498965,7.1608244601664195,0.6166315274139497,0.4613544637326088,0.4800610265580655,0.4643229325849334,15.00591469728263,4.3164206918976475,0.3833684725860503,kefrin_t_affect_fe,7
14,2024-03,7,0.13774621810048598,327.94700455108534,0.7445690425338809,7.146988082851134,0.6071157542593199,0.4667686004094984,0.4730590612840687,0.46877575217856915,14.669781038979036,4.249810279815239,0.39288424574068026,kefrin_t_affect_fe,7
15,2024-04,7,0.13397186306719427,322.72413168426084,0.7468365641664518,7.262652845639808,0.5912988391082824,0.46417331128567546,0.4639584249892083,0.46347669345206954,14.510559650457632,4.139091873757977,0.40870116089171765,kefrin_t_affect_fe,7
16,2024-05,7,0.1348542607497722,326.7720253771962,0.7448699484128617,7.172686617307046,0.613322391588597,0.46487333211680404,0.47725015291299966,0.46642364317192386,14.920594440562937,4.293256741120179,0.3866776084114029,kefrin_t_affect_fe,7
17,2024-06,7,0.1306531328288609,319.5096417112169,0.7470466336622088,7.335720201682567,0.6109863768466176,0.45901655461576557,0.47716428707488523,0.44992660889524067,14.952077490589662,4.276904637926323,0.38901362315338245,kefrin_t_affect_fe,7
18,2024-07,7,0.13463385795473817,323.1526656163455,0.7446801648359583,7.2530218151317625,0.5976879962383019,0.4597755523230552,0.46884758745352384,0.45773183148897734,14.847083859894658,4.183815973668113,0.4023120037616981,kefrin_t_affect_fe,7
19,2024-08,7,0.13499716241485965,327.12903879473936,0.7416329801062365,7.164858680748291,0.6057090846213338,0.4651916288251073,0.4725564716155953,0.46570158525355143,15.32823069361703,4.239963592349336,0.3942909153786663,kefrin_t_affect_fe,7
20,2024-09,7,0.13720046893396862,333.7051829396602,0.7420382485207252,7.023664759073102,0.5800568941989833,0.47432046689371354,0.45489918251941314,0.44884133525409897,14.111620026833329,4.060398259392883,0.41994310580101674,kefrin_t_affect_fe,7
21,2024-10,7,0.1379131594644956,332.33915288942444,0.7426298220821066,7.052534475566806,0.5921493975792266,0.47030246431015055,0.4631633505960948,0.44040882175901197,14.4065630344899,4.145045783054586,0.40785060242077337,kefrin_t_affect_fe,7
22,2024-11,7,0.13906798356553465,333.4358557336512,0.7392166368672494,7.02933800618488,0.6059060742454289,0.4623184228128429,0.47331917714077376,0.44643000908444874,14.502064456728096,4.241342519718002,0.3940939257545711,kefrin_t_affect_fe,7
23,2024-12,7,0.14095127284931677,331.6121312529465,0.7452514654949287,7.067996350065699,0.58147309171503,0.4735350063664677,0.4559329325302233,0.4607175820074453,14.568578604986783,4.07031164200521,0.41852690828496986,kefrin_t_affect_fe,7
0,2023-01,8,0.13500619126700697,295.735207130068,0.7599352636480963,7.759837474636007,0.7032521903511832,0.4352165724841424,0.5384503138889669,0.5234337217801933,18.7479764158363,5.626017522809464,0.2967478096488168,kefrin_warm,8
1,2023-02,8,0.11657379316654724,300.476676286741,0.7428070372591348,7.637388602725325,0.6871512312669119,0.4412760887778897,0.5272704796352332,0.5479609545746689,20.25310463716108,5.497209850135295,0.3128487687330881,kefrin_warm,8
2,2023-03,8,0.1208970301522756,302.58623497835924,0.7422954916341433,7.5841425602895285,0.7009162164232609,0.443944499708624,0.5345739603125494,0.5411192057632263,19.465794033513056,5.607329731386087,0.29908378357673915,kefrin_warm,8
3,2023-04,8,0.1083706232218548,297.22054964538023,0.7351715693961799,7.721058135432369,0.6962791407525903,0.45516980028302645,0.5287157698544641,0.5422795747541125,20.74105262383228,5.570233126020722,0.30372085924740977,kefrin_warm,8
4,2023-05,8,0.10894891541543414,298.4077734308228,0.7331202637494246,7.6903396867747436,0.6613206119149908,0.46285789293590907,0.5063332788277403,0.5439141242450544,19.830333766801292,5.2905648953199265,0.3386793880850092,kefrin_warm,8
5,2023-06,8,0.10836595526791416,296.4440599115841,0.7288781456499502,7.741282262635306,0.6902681448978746,0.45822422882849834,0.5244012835631143,0.5438311028358538,20.9609609954598,5.522145159182996,0.3097318551021254,kefrin_warm,8
6,2023-07,8,0.11530835455802023,297.8823872720919,0.7337561494092553,7.70390342266518,0.6972155556963932,0.4593271874896663,0.528093560967318,0.5501632755576424,21.43513447967537,5.577724445571146,0.3027844443036069,kefrin_warm,8
7,2023-08,8,0.11926971790610637,298.0725405356734,0.7324425423832049,7.698988772105607,0.6975168269993273,0.4728004970822585,0.5245330213381159,0.5578191425635555,21.250466002932768,5.580134615994617,0.3024831730006728,kefrin_warm,8
8,2023-09,8,0.11435058587710546,301.80160938250566,0.729982116072112,7.603859858641852,0.6696775118011875,0.48815160360220583,0.5046916999650125,0.541943493814643,19.63560594023793,5.3574200944095,0.3303224881988125,kefrin_warm,8
9,2023-10,8,0.1134302612376605,302.4580102376437,0.7262646813104854,7.587357799034832,0.6874903623806354,0.4748969456869023,0.518278976272825,0.544874408520836,20.228372922647498,5.4999228990450835,0.3125096376193647,kefrin_warm,8
10,2023-11,8,0.11302334155102953,305.03626653171534,0.7255171094978446,7.523227218028323,0.6792569466907277,0.47696165743487473,0.5130418838679263,0.5397361760253984,19.94650441158239,5.434055573525821,0.32074305330927233,kefrin_warm,8
11,2023-12,8,0.11449913539077351,309.5316835635969,0.7191450685278786,7.413965240768761,0.6821993074479384,0.47774864775989007,0.5145102359726117,0.5553844452844643,20.503598953892713,5.457594459583508,0.3178006925520615,kefrin_warm,8
12,2024-01,8,0.11538834783218006,310.1802961778107,0.7182305948790698,7.398462027199873,0.6719805504122462,0.4814405043761988,0.507722764474804,0.5406971715848079,19.398178949626278,5.375844403297969,0.32801944958775386,kefrin_warm,8
13,2024-02,8,0.12137927001409067,310.6528314546575,0.719748723799759,7.387208196723284,0.6842999948638282,0.4839361917805224,0.5140638711926062,0.5468754117311081,20.044419347998556,5.474399958910626,0.3157000051361718,kefrin_warm,8
14,2024-03,8,0.11875083312503294,309.1776177255028,0.7236017938931274,7.422455608978095,0.6855479230921252,0.48696064847284326,0.5139676155123531,0.5458446847629689,20.213116438073317,5.484383384737002,0.3144520769078748,kefrin_warm,8
15,2024-04,8,0.1206907808778993,307.20460650954516,0.7270938297782428,7.470126079590019,0.686720547481199,0.4740861973463136,0.518058854756677,0.5445967252689573,19.860478657213314,5.493764379849592,0.31327945251880096,kefrin_warm,8
16,2024-05,8,0.11760138544233636,307.14412358739366,0.7233623748518668,7.471597099282195,0.6853563296025039,0.4708506747062555,0.5181492973477059,0.542360407101742,20.267538978931068,5.4828506368200305,0.3146436703974961,kefrin_warm,8
17,2024-06,8,0.11628840602261854,303.92989229795285,0.7302084353105491,7.550613483610283,0.6819285357982261,0.4731255188232988,0.5155822249811974,0.5431276443626508,19.99965361624036,5.455428286385809,0.318071464201774,kefrin_warm,8
18,2024-07,8,0.12528264860184837,306.6894387495357,0.7317001200882823,7.4826741742850995,0.6629775713992369,0.49199976741819906,0.4999134102081625,0.5472412834078935,20.05423767972964,5.303820571193895,0.33702242860076315,kefrin_warm,8
19,2024-08,8,0.12369574974302565,309.8429461957038,0.7289692781070534,7.406517305085457,0.6803196003013977,0.49869410778861284,0.507977406558883,0.5493052168041931,20.657526487604144,5.442556802411183,0.3196803996986023,kefrin_warm,8
20,2024-09,8,0.13948589258154484,334.53821508223746,0.7032516523582557,6.8597757726811945,0.6366279794106049,0.5557855589731014,0.4702426598360016,0.5144510871065427,19.683478713216676,5.093023835284839,0.3633720205893951,kefrin_warm,8
21,2024-10,8,0.14129202306017358,334.31605079089354,0.7054495000526869,6.864334325044177,0.6200078032005711,0.5640146743789795,0.4593693335206653,0.5027138247037765,19.27443829159239,4.960062425604568,0.3799921967994289,kefrin_warm,8
22,2024-11,8,0.14144876927018124,334.1124042761874,0.7024762797478358,6.8685182396285525,0.6305327515521952,0.5591216031148756,0.46618263542571975,0.5232825002413912,19.497216406511605,5.044262012417562,0.3694672484478047,kefrin_warm,8
23,2024-12,8,0.14672871421466308,333.66129157821797,0.7084438245200301,6.877804530464017,0.6363671175701564,0.5531292967819751,0.470688071709728,0.5289025515094602,19.85961665642023,5.090936940561251,0.3636328824298436,kefrin_warm,8
0,2023-01,8,0.13500619126700697,295.735207130068,0.7599352636480963,7.759837474636007,0.7032521903511832,0.4352165724841424,0.5384503138889669,0.5234337217801933,18.7479764158363,5.626017522809464,0.2967478096488168,kefrin_fixed0.5,8
1,2023-02,8,0.13526230072604872,301.0645205493648,0.7598625414373035,7.622476201013734,0.6139792869671621,0.4368427038903531,0.48412970934106353,0.5248083115178512,18.71480146505008,4.911834295737297,0.38602071303283786,kefrin_fixed0.5,8
2,2023-03,8,0.12186118985419786,302.5820735944507,0.7437480513606579,7.584246864316651,0.6825855735722262,0.44301542030089125,0.5240998957003954,0.5180243250901869,18.768995576390882,5.46068458857781,0.31741442642777384,kefrin_fixed0.5,8
3,2023-04,8,0.12392507012029694,297.5332496029091,0.7479061151414108,7.712943497642307,0.6416396172868017,0.44968073500508315,0.49796134820007665,0.5121105710491288,18.815407608381264,5.133116938294413,0.3583603827131983,kefrin_fixed0.5,8
4,2023-05,8,0.1249309034070922,298.03628851745896,0.7461875559018789,7.699925248272948,0.6407765463678654,0.4460288389834692,0.4983466673068656,0.5291109167863464,18.627264390977,5.126212370942923,0.3592234536321345,kefrin_fixed0.5,8
5,2023-06,8,0.10511107831753275,294.8885973765077,0.7292756038491682,7.782115562532644,0.6632505980602305,0.4592778660873357,0.508387476240131,0.5210710945661994,20.248077165808834,5.3060047844818445,0.33674940193976954,kefrin_fixed0.5,8
6,2023-07,8,0.11323837216066339,297.9107768184574,0.7280884340292697,7.703169275596886,0.6704754835546467,0.46275694647184357,0.5117089781187817,0.5216544808422792,20.41195648474449,5.363803868437174,0.3295245164453533,kefrin_fixed0.5,8
7,2023-08,8,0.12123469603692884,298.52482014596046,0.7320305283007161,7.687324429958948,0.6667084499158349,0.47623672150913066,0.5060363264068624,0.5270909763264294,20.26019366143508,5.333667599326677,0.33329155008416517,kefrin_fixed0.5,8
8,2023-09,8,0.1228094361077744,302.81125512830147,0.7336862515757061,7.578506756245932,0.6262429277140474,0.49329941029848967,0.47844055235919797,0.522403639048725,18.969469298204952,5.0099434217123795,0.37375707228595256,kefrin_fixed0.5,8
9,2023-10,8,0.11949871167147401,302.43005733116956,0.7299681787553589,7.5880590808611625,0.6578152121645435,0.4841500051223571,0.4989189023222157,0.5281020278002937,19.692117097968094,5.262521697316348,0.3421847878354565,kefrin_fixed0.5,8
10,2023-11,8,0.11865740437653897,305.1440400031563,0.7281335064094318,7.520570098086811,0.6472286035080429,0.4874239994392328,0.49201142120523317,0.5228252897626343,19.240633112665627,5.177828828064343,0.3527713964919571,kefrin_fixed0.5,8
11,2023-12,8,0.12479080377271895,309.8065610407007,0.7245291280542854,7.40738716168008,0.646593498343868,0.4837394911708783,0.4925365364902717,0.5329159813046168,19.521204952723078,5.172747986750944,0.35340650165613197,kefrin_fixed0.5,8
12,2024-01,8,0.12473393175812636,310.48745247129665,0.7231300926353542,7.3911429418207915,0.6311841664765552,0.4912931567568266,0.4817844982841112,0.5140459361984526,18.41056881162804,5.0494733318124405,0.3688158335234449,kefrin_fixed0.5,8
13,2024-02,8,0.13241044565378546,311.54067054702904,0.726684143931132,7.366155882079993,0.6540288466089211,0.4876894845420563,0.4958659575991657,0.5299931989990495,19.21519778273608,5.232230772871368,0.34597115339107887,kefrin_fixed0.5,8
14,2024-03,8,0.12932726653609797,309.9691736361398,0.7265933730866988,7.40350118025279,0.6380426789721234,0.5048307864522744,0.48259658701882785,0.5243747072813189,18.972099450665528,5.104341431776987,0.3619573210278766,kefrin_fixed0.5,8
15,2024-04,8,0.12835945143337152,307.2006334959978,0.730401323810568,7.47022269043283,0.6615320590959417,0.48050855516944374,0.5019699580120781,0.5287526067446837,19.10133231169904,5.292256472767534,0.3384679409040583,kefrin_fixed0.5,8
16,2024-05,8,0.1303718405473091,306.9303321142908,0.7321319323846831,7.476801419556712,0.6493791666066218,0.488839123102414,0.49290913377246265,0.5220602382444768,19.15115124474995,5.195033332852974,0.3506208333933783,kefrin_fixed0.5,8
17,2024-06,8,0.14698022704008443,326.79996936754156,0.7139371171430853,7.022207337713029,0.5945739582768266,0.5537735139047801,0.4472971930579751,0.4862004221337224,18.393450375086786,4.756591666214612,0.4054260417231734,kefrin_fixed0.5,8
18,2024-07,8,0.14682521761349168,329.74543821580863,0.708682190242873,6.959481093276648,0.6007907526941343,0.5552018069314338,0.4505164390571058,0.49068324154273096,18.88127733868211,4.806326021553074,0.39920924730586566,kefrin_fixed0.5,8
19,2024-08,8,0.1480039460420145,334.47133443656384,0.7047078315389679,6.861147448474056,0.6106958148084081,0.5560372487437945,0.455889567349201,0.4962138002286215,19.252560963619043,4.8855665184672645,0.38930418519159193,kefrin_fixed0.5,8
20,2024-09,8,0.14739725203932186,338.39938784646836,0.704762507903525,6.781505006440255,0.6047059640673818,0.5505838668616776,0.45366284493306996,0.4918765561155752,18.44580001454985,4.837647712539053,0.39529403593261836,kefrin_fixed0.5,8
21,2024-10,8,0.1474685267683668,337.17611438416014,0.707327046704855,6.806108276823273,0.5950010159434582,0.5558295847389869,0.4471274108207132,0.4844367702227519,18.26463231902366,4.760008127547666,0.4049989840565418,kefrin_fixed0.5,8
22,2024-11,8,0.14656098195531575,336.82738487888264,0.7049871284620508,6.8131548854982045,0.6028020870630602,0.5540408802447986,0.4518834189394996,0.5021664488881644,18.42692654766608,4.822416696504481,0.39719791293693985,kefrin_fixed0.5,8
23,2024-12,8,0.1465260179275126,334.9563748253791,0.7073010954537476,6.851212024412155,0.6057646698637038,0.5569616794692394,0.45294619225955884,0.5029210696549563,18.71620973497386,4.8461173589096305,0.39423533013629625,kefrin_fixed0.5,8
0,2023-01,8,0.13500619126700697,295.735207130068,0.7599352636480963,7.759837474636007,0.7032521903511832,0.4352165724841424,0.5384503138889669,0.5234337217801933,18.7479764158363,5.626017522809464,0.2967478096488168,kefrin_t_affect,8
1,2023-02,8,0.13526230072604872,301.0645205493648,0.7598625414373035,7.622476201013734,0.6139792869671621,0.4368427038903531,0.48412970934106353,0.5248083115178512,18.71480146505008,4.911834295737297,0.38602071303283786,kefrin_t_affect,8
2,2023-03,8,0.12186118985419786,302.5820735944507,0.7437480513606579,7.584246864316651,0.6825855735722262,0.44301542030089125,0.5240998957003954,0.5180243250901869,18.768995576390882,5.46068458857781,0.31741442642777384,kefrin_t_affect,8
3,2023-04,8,0.11712753257541474,297.24405630917965,0.7422898484335095,7.720447538470331,0.6015653421102337,0.4573253752643901,0.47177484697539873,0.5077789597125754,18.501888542538197,4.81252273688187,0.3984346578897663,kefrin_t_affect,8
4,2023-05,8,0.1178360780658954,297.96301630952615,0.7406947247129703,7.701818740058759,0.6243947167499794,0.44814374000990187,0.4878775201015777,0.5251724841490061,18.375139444667095,4.995157733999835,0.3756052832500207,kefrin_t_affect,8
5,2023-06,8,0.11486294296103837,294.40187400375635,0.7388932920817123,7.794981436931554,0.6076705251831251,0.45257439458172405,0.47659830776422146,0.5130389376292646,18.668119890708205,4.861364201465001,0.3923294748168748,kefrin_t_affect,8
6,2023-07,8,0.11726969344124334,297.19160349813114,0.7372877676117011,7.721810158312812,0.640893582582159,0.4574144361430302,0.49560500460697104,0.5218282870199962,19.41898265594924,5.127148660657272,0.359106417417841,kefrin_t_affect,8
7,2023-08,8,0.11871425375474869,297.4193044027919,0.7330974122261096,7.715898426516528,0.6265013735442828,0.4643538077298334,0.48531450390274145,0.5201982830745832,18.9620168777801,5.0120109883542625,0.3734986264557172,kefrin_t_affect,8
8,2023-09,8,0.11859042467617431,301.65813654267544,0.7330678479105223,7.607476361017995,0.6354415111785146,0.4724317550232676,0.48872494077516326,0.5200584398006196,18.543400891888535,5.083532089428116,0.3645584888214854,kefrin_t_affect,8
9,2023-10,8,0.1256187828377815,301.94675509541,0.7383090677933771,7.600204685531417,0.641096001040026,0.46860399676691783,0.4929914395970261,0.5137499089586304,18.790365780110353,5.128768008320207,0.3589039989599741,kefrin_t_affect,8
10,2023-11,8,0.11387458467462555,304.32826021993606,0.7252098472869346,7.540729675248248,0.6498654628630103,0.4780689514490164,0.49582294285893047,0.5147454549048601,19.26519573720971,5.198923702904083,0.3501345371369896,kefrin_t_affect,8
11,2023-12,8,0.11973905135938741,308.90444872211077,0.7219706114151248,7.42901940179433,0.6505408490406521,0.48071885300555434,0.4955643669711962,0.5306462785706823,19.623998027610295,5.204326792325216,0.3494591509593479,kefrin_t_affect,8
12,2024-01,8,0.12434640276716949,310.60154056957407,0.7223485770529171,7.388428076206209,0.6255879962095423,0.4934003674663213,0.47803511993509806,0.5116899559735107,18.248390801651166,5.0047039696763385,0.37441200379045764,kefrin_t_affect,8
13,2024-02,8,0.13025133108517306,311.2150406347426,0.7242567873976095,7.373863223887373,0.6476771655416989,0.4879267021820146,0.4921488015607471,0.5270335287360112,19.028424226047463,5.18141732433359,0.35232283445830126,kefrin_t_affect,8
14,2024-03,8,0.1310084024490259,310.2946160246408,0.72560563823952,7.395736259487358,0.6318542303868028,0.5041369928917883,0.47920708303038,0.5212078782669307,18.765097397635884,5.054833843094421,0.3681457696131972,kefrin_t_affect,8
15,2024-04,8,0.12877215037525921,307.6013798572244,0.7274542869105619,7.460490404569442,0.6419429385218688,0.49079815244614966,0.48814562580958787,0.5246098211066276,18.74355494595886,5.13554350817495,0.3580570614781312,kefrin_t_affect,8
16,2024-05,8,0.1430460031106581,322.7084224886514,0.718955418101838,7.111240311485348,0.6297046990783669,0.5466293112117883,0.4684553271351744,0.5177416106368329,19.63929306313606,5.037637592626935,0.3702953009216331,kefrin_t_affect,8
17,2024-06,8,0.13930237378584923,319.99524088938114,0.7213458750855535,7.1715352280831235,0.6146736570430387,0.5391455030305498,0.4616751780081874,0.5013654683064735,19.076806311734853,4.91738925634431,0.3853263429569612,kefrin_t_affect,8
18,2024-07,8,0.13800038643616228,322.65530002470126,0.7160756745970625,7.112411117007708,0.6126199520823086,0.5454369798781242,0.4591852365167559,0.5023756249031552,19.27069818260409,4.900959616658469,0.38738004791769143,kefrin_t_affect,8
19,2024-08,8,0.14777649992514788,334.1595312893757,0.7057548967982861,6.86754956233716,0.6072033220048578,0.5586931302782591,0.4533938463562239,0.490890971304997,19.12377133743294,4.8576265760388635,0.3927966779951421,kefrin_t_affect,8
20,2024-09,8,0.14647467275486245,337.6585268860848,0.7052579593517202,6.796384394673837,0.60249549573229,0.5550518760563865,0.45150491338415066,0.4874395884147485,18.32492963807819,4.81996396585832,0.39750450426771,kefrin_t_affect,8
21,2024-10,8,0.14724259426641312,337.29793906614543,0.7071379167731143,6.803650058493576,0.5876935752085481,0.5589574243387467,0.4423752225284817,0.4775439095312124,17.94482665428608,4.701548601668385,0.4123064247914519,kefrin_t_affect,8
22,2024-11,8,0.14739195444245037,337.28913237671424,0.7052909032270029,6.80382770321234,0.5958508373460214,0.5560624685725104,0.4475604911369732,0.495110227275503,18.119724845356078,4.766806698768171,0.4041491626539786,kefrin_t_affect,8
23,2024-12,8,0.14658893633129413,334.69756962590367,0.7073359404035555,6.8565097303280025,0.6005900323823954,0.5559980082749126,0.4502421006609697,0.49653806053045824,18.510527298377692,4.804720259059163,0.3994099676176045,kefrin_t_affect,8
0,2023-01,8,0.13500619126700697,295.735207130068,0.7599352636480963,7.759837474636007,0.7032521903511832,0.4352165724841424,0.5384503138889669,0.5234337217801933,18.7479764158363,5.626017522809464,0.2967478096488168,kefrin_t_affect_fe,8
1,2023-02,8,0.135313767052163,300.9448695212889,0.7603041886823892,7.625506779722006,0.6089238919516562,0.4365498760174499,0.48104878596438233,0.51792414866128,18.528839176169623,4.8713911356132495,0.3910761080483438,kefrin_t_affect_fe,8
2,2023-03,8,0.13643541274896567,302.21119403241966,0.7572874600954194,7.593554402260038,0.6294301012928055,0.4435002798684387,0.49206809795235334,0.510338235708731,18.13524918013268,5.035440810342444,0.3705698987071945,kefrin_t_affect_fe,8
3,2023-04,8,0.13239850382822213,295.70649469447596,0.7572663000545614,7.76059093740295,0.5864946083785663,0.4463907245039005,0.4648057808530509,0.49904854294943535,17.779209406887436,4.69195686702853,0.41350539162143374,kefrin_t_affect_fe,8
4,2023-05,8,0.1335821290117343,296.558874526684,0.754645851018174,7.73828517699832,0.566437970760419,0.4380409775788027,0.4538318350798901,0.5103435743473342,17.652410687674852,4.531503766083353,0.43356202923958087,kefrin_t_affect_fe,8
5,2023-06,8,0.1309944084383491,291.7774170255357,0.7548159966924652,7.865095133994903,0.5617488737426276,0.44357310388462207,0.4496952893467177,0.4958136056693607,17.64063103089804,4.493990989941021,0.4382511262573725,kefrin_t_affect_fe,8
6,2023-07,8,0.1316371703889294,293.1761003947664,0.75376617057379,7.827572369531757,0.5575122629675993,0.4487501947628796,0.4459442613519633,0.4968420017279831,17.418363762034772,4.460098103740794,0.44248773703240074,kefrin_t_affect_fe,8
7,2023-08,8,0.13120225492598148,293.9049997494867,0.748467514885963,7.808159591749683,0.5798744926286619,0.45941632065169496,0.45789067432765296,0.5010855184778448,17.944110053543234,4.638995941029295,0.42012550737133814,kefrin_t_affect_fe,8
8,2023-09,8,0.1211180186399289,299.6310435291004,0.7402378090209274,7.658943198368113,0.6073785988632348,0.46552575334999136,0.4734971109155453,0.5048770479361812,18.046963136616963,4.859028790905878,0.39262140113676525,kefrin_t_affect_fe,8
9,2023-10,8,0.12253626324158368,300.39100140491564,0.7394971311233536,7.639566871591346,0.6041279198998137,0.4654439745934778,0.4715374022128113,0.5081350121104633,18.164318500837247,4.83302335919851,0.3958720801001864,kefrin_t_affect_fe,8
10,2023-11,8,0.12127350851830825,303.8219008445159,0.7363776667015619,7.553297298444462,0.5963133279284328,0.46502319856701074,0.46685473016202417,0.4969114631193193,17.67866276088083,4.770506623427463,0.40368667207156717,kefrin_t_affect_fe,8
11,2023-12,8,0.11895574257764115,307.41896474941814,0.7275011360101906,7.4649172822753975,0.6149260505770798,0.45922164181372027,0.47951662211743185,0.5034741155004302,18.26347238408047,4.919408404616639,0.38507394942292017,kefrin_t_affect_fe,8
12,2024-01,8,0.11661394618381214,307.6422030287561,0.7251364784789551,7.459500420501916,0.6011508576659923,0.4612448696838646,0.47065006662374514,0.4959598740481597,17.165819655915023,4.809206861327939,0.39884914233400764,kefrin_t_affect_fe,8
13,2024-02,8,0.12208061211175293,308.58969169135645,0.7249064918352781,7.436596894339558,0.6194835495277702,0.46572319423682196,0.4807759191685369,0.5107217309197624,18.05101694156698,4.9558683962221615,0.3805164504722298,kefrin_t_affect_fe,8
14,2024-03,8,0.12125003324991121,309.3333398378805,0.7259618470887317,7.4187190558245755,0.6100813123836476,0.4719770482897832,0.47368607158940107,0.5088178825074412,17.687301519136177,4.880650499069181,0.38991868761635234,kefrin_t_affect_fe,8
15,2024-04,8,0.12092624286847087,305.9031484011713,0.7289696265477452,7.501907564048975,0.6018101988081538,0.4659698012664237,0.4700080213975101,0.5153761988485868,17.726979117856736,4.814481590465229,0.39818980119184627,kefrin_t_affect_fe,8
16,2024-05,8,0.12002293245435115,305.54125588952775,0.7304200588072134,7.510793055347253,0.6129796382856366,0.4657165716030029,0.47685077134027803,0.5076950890838479,17.77605048419866,4.903837106285092,0.38702036171436344,kefrin_t_affect_fe,8
17,2024-06,8,0.11901545750064706,301.164628341089,0.7319766327862379,7.619942472985456,0.6117737178689806,0.4624040314556692,0.4768727819767458,0.49130247116625414,17.871366649564436,4.894189742951845,0.3882262821310194,kefrin_t_affect_fe,8
18,2024-07,8,0.12005151371963392,302.732299083081,0.7294736913879768,7.580483317465073,0.590889091031281,0.4678582086792133,0.46291513253932315,0.4962539713558704,17.48368475164873,4.7271127282502485,0.40911090896871904,kefrin_t_affect_fe,8
19,2024-08,8,0.12107119380407123,307.041932911516,0.7253433474052597,7.474083820070531,0.5974989126108436,0.4713969109206647,0.4661917456665943,0.4995369420931005,17.892505652695224,4.779991300886748,0.40250108738915646,kefrin_t_affect_fe,8
20,2024-09,8,0.12229268345318453,311.9794237788023,0.7254314097665148,7.355796465872787,0.5773808994818479,0.481046562908479,0.45187416254279666,0.4858684068591818,16.6726070157155,4.619047195854783,0.42261910051815205,kefrin_t_affect_fe,8
21,2024-10,8,0.12438728824523465,312.41600541665025,0.7268127348026832,7.3455172048456046,0.5830946317302321,0.47691020602340967,0.4562256719172165,0.48075998278257737,16.785778384609863,4.664757053841858,0.4169053682697678,kefrin_t_affect_fe,8
22,2024-11,8,0.12288497183649787,311.70577590148446,0.7243549162880898,7.362254152077179,0.5985943165355034,0.4729499385593346,0.4665200811967761,0.4917613404398024,17.007302368624185,4.7887545322840275,0.40140568346449657,kefrin_t_affect_fe,8
23,2024-12,8,0.12395963330643925,310.9682745087833,0.7268796787420365,7.379714687879922,0.5694881828640106,0.47939630356602253,0.447355437789004,0.49192225113552773,16.755993863762566,4.555905462912086,0.43051181713598935,kefrin_t_affect_fe,8
